dataset,family,role,seed,data_fraction,n_train_interactions,n_items,n_users,n_eval_users,train_cpu_seconds,train_wall_seconds,train_cpu_utilisation,train_below_quantum,serve_cpu_seconds,serve_wall_seconds,score_wall_seconds,peak_rss_bytes,model_bytes,val_ndcg_at_10,val_recall_at_10,threads,param.topk,param.shrink,param.order,param.smoothing,param.decay,param.factors,param.epochs,param.regularisation,param.alpha,param.latent,param.hidden,param.dropout
ml100k,popularity,cheap,0,0.25,24706,1349,943,943,0.0,0.00021239999841782264,0.0,True,0.078125,0.08625889999893843,0.1783849999992526,317624320,10792,0.017457135751078056,0.033934252386002124,1,,,,,,,,,,,,
ml100k,itemknn,cheap,0,0.25,24706,1349,943,943,0.109375,0.11085449999882258,0.9866536766767403,False,0.109375,0.10783490000176243,0.03474060000007739,371126272,14558408,0.0532048529633943,0.10922587486744433,1,300.0,0.0,,,,,,,,,,
ml100k,markov,cheap,0,0.25,24706,1349,943,943,0.046875,0.04474770000160788,1.0475398735201067,True,0.171875,0.18924989999868558,0.03562909999891417,387936256,814700,0.03533512994319989,0.06680805938494168,1,,,2.0,0.1,True,,,,,,,
ml100k,popularity,cheap,0,0.5,48939,1349,943,943,0.0,0.00023809999765944667,0.0,True,0.078125,0.08940000000075088,0.03329189999931259,387936256,10792,0.015602457754516802,0.03711558854718982,1,,,,,,,,,,,,
ml100k,itemknn,cheap,0,0.5,48939,1349,943,943,0.15625,0.15297740000096383,1.021392702445038,False,0.15625,0.1493183999991743,0.043270999998640036,387936256,14558408,0.053794916518299,0.11134676564156946,1,300.0,0.0,,,,,,,,,,
ml100k,markov,cheap,0,0.5,48939,1349,943,943,0.078125,0.08892389999891748,0.8785602071091243,False,0.1875,0.18727600000056555,0.040578500000265194,389517312,1568288,0.03804273908356693,0.07317073170731707,1,,,2.0,0.1,True,,,,,,,
ml100k,popularity,cheap,0,1.0,97401,1349,943,943,0.0,0.000289400002657203,0.0,True,0.078125,0.0853529999985767,0.03359850000197184,389517312,10792,0.034210171566329585,0.07317073170731707,1,,,,,,,,,,,,
ml100k,itemknn,cheap,0,1.0,97401,1349,943,943,0.203125,0.20809440000084578,0.9761194919189292,False,0.15625,0.15437540000129957,0.034948399999848334,389517312,14558408,0.06955201323310442,0.13891834570519618,1,300.0,0.0,,,,,,,,,,
ml100k,markov,cheap,0,1.0,97401,1349,943,943,0.15625,0.15502679999917746,1.0078902486591288,False,0.21875,0.20970520000264514,0.03695460000017192,393732096,2509460,0.04245495202604748,0.08907741251325557,1,,,2.0,0.1,True,,,,,,,
ml100k,als,base,0,1.0,97401,1349,943,943,3.40625,3.403455399999075,1.000821106690843,False,0.09375,0.09708550000141258,0.03458650000175112,393732096,1173504,0.06064787502156477,0.1283138918345705,1,,,,,,64.0,15.0,0.01,40.0,,,
ml100k,als,factors,0,1.0,97401,1349,943,943,1.328125,1.3237511000006634,1.0033041710026411,False,0.09375,0.08886299999721814,0.0350226999980805,393732096,293376,0.04161164002854017,0.08907741251325557,1,,,,,,16.0,15.0,0.01,40.0,,,
ml100k,als,factors,0,1.0,97401,1349,943,943,1.84375,1.844992899998033,0.9993263388720713,False,0.09375,0.08973139999943669,0.03496440000162693,393732096,586752,0.05183258422636211,0.11558854718981973,1,,,,,,32.0,15.0,0.01,40.0,,,
ml100k,als,factors,0,1.0,97401,1349,943,943,9.578125,9.598183399997652,0.9979101878801715,False,0.109375,0.11440560000119149,0.0425747000008414,393732096,2347008,0.06490827405195965,0.1261930010604454,1,,,,,,128.0,15.0,0.01,40.0,,,
ml100k,als,epochs,0,1.0,97401,1349,943,943,1.359375,1.3569743000007293,1.0017691565708131,False,0.125,0.1202954000000318,0.04564119999849936,393732096,1173504,0.05545523870356664,0.11452810180275716,1,,,,,,64.0,5.0,0.01,40.0,,,
ml100k,als,epochs,0,1.0,97401,1349,943,943,9.03125,9.143883299999288,0.9876821153219117,False,0.109375,0.11495609999838052,0.0449704999991809,393732096,1173504,0.06314737652790849,0.1378579003181336,1,,,,,,64.0,30.0,0.01,40.0,,,
ml100k,als,fraction,0,0.25,24706,1349,943,943,3.765625,3.78244800000175,0.9955523512810375,False,0.140625,0.13678349999827333,0.06530869999915012,393732096,1173504,0.06158462514739478,0.11983032873807,1,,,,,,64.0,15.0,0.01,40.0,,,
ml100k,als,fraction,0,0.5,48939,1349,943,943,3.9375,3.945795100000396,0.9978977367576956,False,0.109375,0.11258359999919776,0.04152480000266223,393732096,1173504,0.05269631396506028,0.11134676564156946,1,,,,,,64.0,15.0,0.01,40.0,,,
ml100k,als,corner,0,0.25,24706,1349,943,943,17.640625,17.705980000002455,0.9963088741768348,False,0.125,0.12126080000234651,0.0432939999991504,393732096,2347008,0.0553231245325594,0.1007423117709438,1,,,,,,128.0,30.0,0.01,40.0,,,
ml100k,multvae,base,0,1.0,97401,1349,943,943,4.734375,4.731179499998689,1.0006754129707638,False,0.171875,0.1697072000024491,0.04204589999790187,393732096,6946708,0.058498524152814806,0.11452810180275716,1,,,,,,,20.0,,,64.0,600.0,0.5
ml100k,multvae,hidden,0,1.0,97401,1349,943,943,2.171875,2.18137619999834,0.9956444009986232,False,0.125,0.12986740000269492,0.04060679999747663,417423360,2319508,0.04624752905746733,0.1007423117709438,1,,,,,,,20.0,,,64.0,200.0,0.5
ml100k,multvae,latent,0,1.0,97401,1349,943,943,4.421875,4.428543899997749,0.9984941099945397,False,0.171875,0.1691702999996778,0.041659599999547936,417423360,6716052,0.05749164733976692,0.11558854718981973,1,,,,,,,20.0,,,32.0,600.0,0.5
ml100k,multvae,latent,0,1.0,97401,1349,943,943,5.015625,5.0422403999982635,0.9947215130801236,False,0.15625,0.1563386999987415,0.04592920000141021,417423360,7408020,0.055486485459048905,0.1102863202545069,1,,,,,,,20.0,,,128.0,600.0,0.5
ml100k,multvae,epochs,0,1.0,97401,1349,943,943,2.734375,2.732577599999786,1.0006577672305497,False,0.203125,0.19481720000112546,0.04869400000097812,423981056,6946708,0.041940420976280215,0.09225874867444327,1,,,,,,,10.0,,,64.0,600.0,0.5
ml100k,multvae,fraction,0,0.25,24706,1349,943,943,4.9375,4.954037999999855,0.9966617131318218,False,0.171875,0.16903450000245357,0.039898099999845726,423981056,6946708,0.06283411089628875,0.12089077412513255,1,,,,,,,20.0,,,64.0,600.0,0.5
ml100k,multvae,fraction,0,0.5,48939,1349,943,943,4.828125,4.835942000001523,0.9983835620854177,False,0.15625,0.15593059999810066,0.0449348000001919,423981056,6946708,0.04346994026837899,0.1007423117709438,1,,,,,,,20.0,,,64.0,600.0,0.5
ml100k,multvae,corner,0,0.25,24706,1349,943,943,0.9375,0.9477107000020624,0.9892259314978293,False,0.140625,0.13797490000069956,0.03963819999989937,423981056,2473620,0.032238925602249495,0.060445387062566275,1,,,,,,,10.0,,,128.0,200.0,0.0
luxury_beauty,popularity,cheap,0,0.25,6446,1347,3582,3281,0.0,0.00017459999799029902,0.0,True,0.28125,0.2924189000004844,0.11883220000163419,423981056,10776,0.031821636284876935,0.07619628162145688,1,,,,,,,,,,,,
luxury_beauty,itemknn,cheap,0,0.25,6446,1347,3582,3281,0.046875,0.05166989999997895,0.9072012912743995,True,0.34375,0.3416601000026276,0.12962970000080531,556564480,14515272,0.1830058552329247,0.22706491923194147,1,300.0,0.0,,,,,,,,,,
luxury_beauty,markov,cheap,0,0.25,6446,1347,3582,3281,0.015625,0.017738599999574944,0.8808474175174145,True,0.609375,0.6150605999973777,0.1190320999994583,571080704,71744,0.2131528013543793,0.2517525144772935,1,,,2.0,0.1,True,,,,,,,
luxury_beauty,popularity,cheap,0,0.5,10792,1347,3582,3281,0.0,0.00022639999951934442,0.0,True,0.28125,0.28952279999793973,0.11952899999960209,571080704,10776,0.030595481469863697,0.07558671136848522,1,,,,,,,,,,,,
luxury_beauty,itemknn,cheap,0,0.5,10792,1347,3582,3281,0.0625,0.0629028000003018,0.9935964694687699,False,0.359375,0.3545269999995071,0.12144009999974514,571080704,14515272,0.2033301799658247,0.30021334958854007,1,300.0,0.0,,,,,,,,,,
luxury_beauty,markov,cheap,0,0.5,10792,1347,3582,3281,0.015625,0.02359289999731118,0.6622755151668824,True,0.640625,0.6217404999988503,0.12040189999970607,571080704,174140,0.2583267944417187,0.30234684547394086,1,,,2.0,0.1,True,,,,,,,
luxury_beauty,popularity,cheap,0,1.0,19789,1347,3582,3281,0.0,0.0002500000009604264,0.0,True,0.28125,0.28510719999758294,0.1158599000009417,571080704,10776,0.020031988513416216,0.05059433099664736,1,,,,,,,,,,,,
luxury_beauty,itemknn,cheap,0,1.0,19789,1347,3582,3281,0.078125,0.07167410000329255,1.0900032228714571,False,0.3125,0.3120353999984218,0.12191490000259364,571080704,14515272,0.289477768360559,0.3599512343797623,1,300.0,0.0,,,,,,,,,,
luxury_beauty,markov,cheap,0,1.0,19789,1347,3582,3281,0.046875,0.04595289999997476,1.0200661982165597,True,0.6875,0.6972005999996327,0.1306927999976324,571084800,409664,0.2820153003864411,0.3300822919841512,1,,,2.0,0.1,True,,,,,,,
luxury_beauty,als,base,0,1.0,19789,1347,3582,3281,6.171875,6.187949300001492,0.9974023219612533,False,0.40625,0.41042299999753595,0.15282240000306047,571084800,2523648,0.2798046903820743,0.36056080463273393,1,,,,,,64.0,15.0,0.01,40.0,,,
luxury_beauty,als,factors,0,1.0,19789,1347,3582,3281,2.75,2.7635087999988173,0.9951117217362134,False,0.40625,0.4498805999974138,0.15614329999880283,571084800,630912,0.27380651226734987,0.34074977141115514,1,,,,,,16.0,15.0,0.01,40.0,,,
luxury_beauty,als,factors,0,1.0,19789,1347,3582,3281,3.6875,3.69839729999876,0.9970535074750451,False,0.375,0.3705143000006501,0.16964899999948102,571084800,1261824,0.28300644821158993,0.35019811033221576,1,,,,,,32.0,15.0,0.01,40.0,,,
luxury_beauty,als,factors,0,1.0,19789,1347,3582,3281,18.03125,18.09699720000208,0.9963669552868102,False,0.390625,0.4038044000008085,0.15060430000085034,571084800,5047296,0.2631129696199922,0.3291679366046937,1,,,,,,128.0,15.0,0.01,40.0,,,
luxury_beauty,als,epochs,0,1.0,19789,1347,3582,3281,2.328125,2.339458400001604,0.995155545402476,False,0.359375,0.3702487000009569,0.14065649999974994,571084800,2523648,0.28117545242408865,0.3477598293203292,1,,,,,,64.0,5.0,0.01,40.0,,,
luxury_beauty,als,epochs,0,1.0,19789,1347,3582,3281,12.96875,13.013742300001468,0.9965427085488343,False,0.375,0.36387489999833633,0.16155849999995553,571084800,2523648,0.2789540976646029,0.35659859798841814,1,,,,,,64.0,30.0,0.01,40.0,,,
luxury_beauty,als,fraction,0,0.25,6446,1347,3582,3281,6.96875,7.0250608999995166,0.9919842830117643,False,0.375,0.3733042999992904,0.1440522000011697,571084800,2523648,0.1962529457796028,0.22249314233465406,1,,,,,,64.0,15.0,0.01,40.0,,,
luxury_beauty,als,fraction,0,0.5,10792,1347,3582,3281,6.234375,6.2436238000009325,0.998518680769823,False,0.375,0.36637960000007297,0.14472050000040326,571084800,2523648,0.21369870392306559,0.30783297775068574,1,,,,,,64.0,15.0,0.01,40.0,,,
luxury_beauty,als,corner,0,0.25,6446,1347,3582,3281,29.296875,29.445443000000523,0.9949544654498653,False,0.328125,0.3322824999995646,0.12276090000159456,571084800,5047296,0.18367291833202434,0.21304480341359341,1,,,,,,128.0,30.0,0.01,40.0,,,
luxury_beauty,multvae,base,0,1.0,19789,1347,3582,3281,14.3125,14.336118200000783,0.9983525386948343,False,0.46875,0.471412999999302,0.12194649999946705,571084800,6937100,0.28859496441822347,0.36635172203596467,1,,,,,,,20.0,,,64.0,600.0,0.5
luxury_beauty,multvae,hidden,0,1.0,19789,1347,3582,3281,7.171875,7.167084700002306,1.0006683749666991,False,0.40625,0.4019345999986399,0.1235579999993206,599986176,2316300,0.2763760816499519,0.3413593416641268,1,,,,,,,20.0,,,64.0,200.0,0.5
luxury_beauty,multvae,latent,0,1.0,19789,1347,3582,3281,15.25,15.420334499998717,0.9889539036913414,False,0.46875,0.4776371999978437,0.12025960000028135,599986176,6706444,0.2868532173328895,0.36086558975921973,1,,,,,,,20.0,,,32.0,600.0,0.5
luxury_beauty,multvae,latent,0,1.0,19789,1347,3582,3281,15.5625,15.65503009999884,0.9940894332743029,False,0.46875,0.4863112999992154,0.11978720000115572,599986176,7398412,0.28622828901378344,0.36147516001219143,1,,,,,,,20.0,,,128.0,600.0,0.5
luxury_beauty,multvae,epochs,0,1.0,19789,1347,3582,3281,7.78125,7.836109800002305,0.99299910269222,False,0.484375,0.4819721000021673,0.12218219999704161,604008448,6937100,0.2773079833780516,0.3495885400792441,1,,,,,,,10.0,,,64.0,600.0,0.5
luxury_beauty,multvae,fraction,0,0.25,6446,1347,3582,3281,16.328125,16.57407729999977,0.9851604227766106,False,0.53125,0.5447497999994084,0.12105999999766937,604008448,6937100,0.18594479415782905,0.25784821700701005,1,,,,,,,20.0,,,64.0,600.0,0.5
luxury_beauty,multvae,fraction,0,0.5,10792,1347,3582,3281,15.265625,15.312619500000437,0.9969309953793055,False,0.5,0.4919521999981953,0.12141950000295765,607752192,6937100,0.24006267965900985,0.3081377628771716,1,,,,,,,20.0,,,64.0,600.0,0.5
luxury_beauty,multvae,corner,0,0.25,6446,1347,3582,3281,3.109375,3.1488241999977618,0.9874717680339887,False,0.40625,0.39682750000065425,0.12537329999759095,607752192,2470412,0.19593782209229246,0.24657116732703444,1,,,,,,,10.0,,,128.0,200.0,0.0
software,popularity,cheap,0,0.25,2605,717,1777,1674,0.0,0.0001554000009491574,0.0,True,0.109375,0.12693140000192216,0.06709199999750126,607752192,5736,0.023759959708988893,0.05794504181600956,1,,,,,,,,,,,,
software,itemknn,cheap,0,0.25,2605,717,1777,1674,0.03125,0.018761600000289036,1.6656361930495571,True,0.125,0.13549720000082743,0.06675239999822224,607752192,4112712,0.09184932091989245,0.20489844683393071,1,300.0,0.0,,,,,,,,,,
software,markov,cheap,0,0.25,2605,717,1777,1674,0.0,0.0061471999979403336,0.0,True,0.265625,0.2600306999993336,0.0627463999990141,607752192,24452,0.18322494388394137,0.21923536439665472,1,,,2.0,0.1,True,,,,,,,
software,popularity,cheap,0,0.5,4487,717,1777,1674,0.0,0.00020729999960167333,0.0,True,0.125,0.12410549999913201,0.06189570000060485,607752192,5736,0.022287709613913777,0.053763440860215055,1,,,,,,,,,,,,
software,itemknn,cheap,0,0.5,4487,717,1777,1674,0.015625,0.017659299999650102,0.8848029084000832,True,0.125,0.1308095999993384,0.06393309999839403,607752192,4112712,0.19358419499540605,0.25448028673835127,1,300.0,0.0,,,,,,,,,,
software,markov,cheap,0,0.5,4487,717,1777,1674,0.015625,0.010599299999739742,1.474153953599168,True,0.265625,0.2707525000005262,0.061180400000012014,607752192,68624,0.21678650889465803,0.26344086021505375,1,,,2.0,0.1,True,,,,,,,
software,popularity,cheap,0,1.0,8044,717,1777,1674,0.0,0.0002015999998548068,0.0,True,0.125,0.126767399997334,0.06815700000151992,607752192,5736,0.017444854798249067,0.04002389486260454,1,,,,,,,,,,,,
software,itemknn,cheap,0,1.0,8044,717,1777,1674,0.015625,0.02150160000019241,0.7266901067762481,True,0.140625,0.13345330000083777,0.06129969999892637,607752192,4112712,0.22100783592119072,0.28375149342891276,1,300.0,0.0,,,,,,,,,,
software,markov,cheap,0,1.0,8044,717,1777,1674,0.015625,0.017925100000866223,0.8716827241825668,True,0.3125,0.3179010999992897,0.08615629999985686,607752192,174572,0.2336799862052497,0.2939068100358423,1,,,2.0,0.1,True,,,,,,,
software,als,base,0,1.0,8044,717,1777,1674,2.671875,2.6788681999969413,0.9973894945645518,False,0.125,0.13003329999992275,0.06326740000076825,607752192,1276928,0.2131699838972967,0.2831541218637993,1,,,,,,64.0,15.0,0.01,40.0,,,
software,als,factors,0,1.0,8044,717,1777,1674,1.078125,1.0880621999967843,0.9908670662423401,False,0.140625,0.13346619999720133,0.062007799999264535,607752192,319232,0.1963016554105901,0.25806451612903225,1,,,,,,16.0,15.0,0.01,40.0,,,
software,als,factors,0,1.0,8044,717,1777,1674,1.484375,1.4869975000001432,0.9982363790119735,False,0.125,0.1273469000007026,0.07143360000191024,607752192,638464,0.20976184334929215,0.2765830346475508,1,,,,,,32.0,15.0,0.01,40.0,,,
software,als,factors,0,1.0,8044,717,1777,1674,7.375,7.409477400000469,0.9953468513176831,False,0.140625,0.13780530000076396,0.0638345000006666,607752192,2553856,0.20478472783528262,0.25806451612903225,1,,,,,,128.0,15.0,0.01,40.0,,,
software,als,epochs,0,1.0,8044,717,1777,1674,0.859375,0.8565205999984755,1.0033325526572618,False,0.125,0.13119839999853866,0.06110210000042571,607752192,1276928,0.20945783292482023,0.26523297491039427,1,,,,,,64.0,5.0,0.01,40.0,,,
software,als,epochs,0,1.0,8044,717,1777,1674,5.203125,5.213195899999846,0.9980681907618614,False,0.125,0.13758659999803058,0.06460839999999735,607752192,1276928,0.21422510910072898,0.2855436081242533,1,,,,,,64.0,30.0,0.01,40.0,,,
software,als,fraction,0,0.25,2605,717,1777,1674,2.515625,2.523820300000807,0.9967528195249066,False,0.125,0.1283212000016647,0.06286629999885918,607752192,1276928,0.04972391272817786,0.08124253285543608,1,,,,,,64.0,15.0,0.01,40.0,,,
software,als,fraction,0,0.5,4487,717,1777,1674,2.5,2.500377899999876,0.9998488628459419,False,0.140625,0.13243800000054762,0.061228200000186916,607752192,1276928,0.20682532784048122,0.26642771804062126,1,,,,,,64.0,15.0,0.01,40.0,,,
software,als,corner,0,0.25,2605,717,1777,1674,14.375,14.406293399999413,0.9978277965656722,False,0.125,0.13147770000068704,0.06590219999998226,607752192,2553856,0.049060393746244435,0.08303464755077658,1,,,,,,128.0,30.0,0.01,40.0,,,
software,multvae,base,0,1.0,8044,717,1777,1674,4.453125,4.553650699999707,0.977924152153411,False,0.1875,0.18256779999865103,0.061779999999998836,607752192,3910580,0.20919545667758513,0.28136200716845877,1,,,,,,,20.0,,,64.0,600.0,0.5
software,multvae,hidden,0,1.0,8044,717,1777,1674,2.328125,2.386283799998637,0.9756278779587448,False,0.15625,0.15523079999911715,0.06011639999996987,607752192,1305780,0.18680675169347385,0.23835125448028674,1,,,,,,,20.0,,,64.0,200.0,0.5
software,multvae,latent,0,1.0,8044,717,1777,1674,4.25,4.296363199999178,0.989208733563497,False,0.1875,0.17575829999987036,0.06664349999846308,607752192,3679924,0.19730663785657038,0.2574671445639188,1,,,,,,,20.0,,,32.0,600.0,0.5
software,multvae,latent,0,1.0,8044,717,1777,1674,5.765625,5.937681999999768,0.9710228671727832,False,0.203125,0.21388440000009723,0.07922380000309204,607752192,4371892,0.20919350266271453,0.2724014336917563,1,,,,,,,20.0,,,128.0,600.0,0.5
software,multvae,epochs,0,1.0,8044,717,1777,1674,2.84375,2.848649399998976,0.9982800972281889,False,0.1875,0.2090883999990183,0.06728579999980866,607752192,3910580,0.1919385714583078,0.24731182795698925,1,,,,,,,10.0,,,64.0,600.0,0.5
software,multvae,fraction,0,0.25,2605,717,1777,1674,5.84375,5.918415700001788,0.9873841744503068,False,0.234375,0.25889789999928325,0.09284829999887734,607752192,3910580,0.09979010965752722,0.2066905615292712,1,,,,,,,20.0,,,64.0,600.0,0.5
software,multvae,fraction,0,0.5,4487,717,1777,1674,5.53125,5.70214009999836,0.9700305329224708,False,0.21875,0.215621999999712,0.07512719999795081,607752192,3910580,0.18718057040482025,0.25029868578255676,1,,,,,,,20.0,,,64.0,600.0,0.5
software,multvae,corner,0,0.25,2605,717,1777,1674,1.5625,1.5620014000014635,1.0003192058589294,False,0.171875,0.17552580000119633,0.09467099999892525,607752192,1459892,0.02919892109520812,0.06272401433691756,1,,,,,,,10.0,,,128.0,200.0,0.0
gift_cards,popularity,cheap,0,0.25,636,146,456,449,0.0,0.00017350000052829273,0.0,True,0.03125,0.030066399998759152,0.018227399999886984,607752192,1168,0.0996844010086187,0.23162583518930957,1,,,,,,,,,,,,
gift_cards,itemknn,cheap,0,0.25,636,146,456,449,0.0,0.0005983000010019168,0.0,True,0.03125,0.030496300001686905,0.02036219999718014,607752192,170528,0.08070889356192264,0.1759465478841871,1,300.0,0.0,,,,,,,,,,
gift_cards,markov,cheap,0,0.25,636,146,456,449,0.015625,0.0019756000001507346,7.908989673419641,True,0.0625,0.07222959999853629,0.01929970000128378,607752192,4952,0.13020322839291748,0.24053452115812918,1,,,2.0,0.1,True,,,,,,,
gift_cards,popularity,cheap,0,0.5,1164,146,456,449,0.015625,0.00020500000027823262,76.21951209167437,True,0.015625,0.030900000001565786,0.021004000001994427,607752192,1168,0.09102512351202516,0.2026726057906459,1,,,,,,,,,,,,
gift_cards,itemknn,cheap,0,0.5,1164,146,456,449,0.0,0.0005358000016713049,0.0,True,0.03125,0.0333939999982249,0.019534000002749963,607752192,170528,0.14521218921150664,0.289532293986637,1,300.0,0.0,,,,,,,,,,
gift_cards,markov,cheap,0,0.5,1164,146,456,449,0.0,0.003295900001830887,0.0,True,0.09375,0.07813510000050883,0.019132099998387275,607752192,14720,0.17836882699716353,0.3051224944320713,1,,,2.0,0.1,True,,,,,,,
gift_cards,popularity,cheap,0,1.0,2041,146,456,449,0.0,0.00019330000213813037,0.0,True,0.03125,0.0293749000011303,0.01851170000009006,607752192,1168,0.08369290327416583,0.17371937639198218,1,,,,,,,,,,,,
gift_cards,itemknn,cheap,0,1.0,2041,146,456,449,0.0,0.0006424999992304947,0.0,True,0.03125,0.030331599999044556,0.02010379999774159,607752192,170528,0.1897937285143607,0.37861915367483295,1,300.0,0.0,,,,,,,,,,
gift_cards,markov,cheap,0,1.0,2041,146,456,449,0.015625,0.005515299999387935,2.8330281220847455,True,0.078125,0.0847767000013846,0.019194600001355866,607752192,38624,0.19055874713755627,0.32516703786191536,1,,,2.0,0.1,True,,,,,,,
gift_cards,als,base,0,1.0,2041,146,456,449,0.8125,0.8088192000031995,1.004550831628114,False,0.03125,0.033752899998944486,0.02216749999934109,607752192,308224,0.08052463760956009,0.16481069042316257,1,,,,,,64.0,15.0,0.01,40.0,,,
gift_cards,als,factors,0,1.0,2041,146,456,449,0.359375,0.345090099999652,1.0413946966324517,False,0.03125,0.03183809999973164,0.02030939999895054,607752192,77056,0.14303790391183965,0.27616926503340755,1,,,,,,16.0,15.0,0.01,40.0,,,
gift_cards,als,factors,0,1.0,2041,146,456,449,0.390625,0.3839280000029248,1.0174433747916904,False,0.015625,0.028329199998552212,0.018860899999708636,607752192,154112,0.12373101673010266,0.22494432071269488,1,,,,,,32.0,15.0,0.01,40.0,,,
gift_cards,als,factors,0,1.0,2041,146,456,449,1.78125,1.7910948999997345,0.994503417993242,False,0.03125,0.029058500000246568,0.01723859999765409,607752192,616448,0.02842319496395516,0.0645879732739421,1,,,,,,128.0,15.0,0.01,40.0,,,
gift_cards,als,epochs,0,1.0,2041,146,456,449,0.234375,0.22342349999962607,1.0490167775564891,False,0.015625,0.026167900003201794,0.016582399999606423,607752192,308224,0.0723224057378117,0.1447661469933185,1,,,,,,64.0,5.0,0.01,40.0,,,
gift_cards,als,epochs,0,1.0,2041,146,456,449,1.296875,1.2988680000016757,0.99846558695597,False,0.03125,0.027470299999549752,0.01780299999882118,607752192,308224,0.08081216372864429,0.1603563474387528,1,,,,,,64.0,30.0,0.01,40.0,,,
gift_cards,als,fraction,0,0.25,636,146,456,449,0.625,0.6269253999998909,0.9969288211964433,False,0.03125,0.026413800002046628,0.017135699999926146,607752192,308224,0.05764966427234809,0.11581291759465479,1,,,,,,64.0,15.0,0.01,40.0,,,
gift_cards,als,fraction,0,0.5,1164,146,456,449,0.65625,0.649571099998866,1.0102820153192555,False,0.03125,0.03206030000001192,0.018401999997877283,607752192,308224,0.06313605801003924,0.1358574610244989,1,,,,,,64.0,15.0,0.01,40.0,,,
gift_cards,als,corner,0,0.25,636,146,456,449,4.0625,4.115011400001094,0.9872390632985657,False,0.046875,0.03648619999876246,0.036210800000844756,607752192,616448,0.04305950109784091,0.08463251670378619,1,,,,,,128.0,30.0,0.01,40.0,,,
gift_cards,multvae,base,0,1.0,2041,146,456,449,0.625,0.6189083000026585,1.009842653584247,False,0.03125,0.03243339999971795,0.017685599999822443,607752192,1167496,0.17074444318260634,0.3674832962138085,1,,,,,,,20.0,,,64.0,600.0,0.5
gift_cards,multvae,hidden,0,1.0,2041,146,456,449,0.359375,0.365388800000801,0.9835413674398673,False,0.03125,0.031113499997445615,0.020480399998632492,607752192,389896,0.14304021594437433,0.30734966592427615,1,,,,,,,20.0,,,64.0,200.0,0.5
gift_cards,multvae,latent,0,1.0,2041,146,456,449,0.578125,0.5777142000006279,1.0007110782448685,False,0.03125,0.035255700000561774,0.018304699999134755,607752192,936840,0.17593581750643392,0.3741648106904232,1,,,,,,,20.0,,,32.0,600.0,0.5
gift_cards,multvae,latent,0,1.0,2041,146,456,449,0.71875,0.7344948999998451,0.9785636360445139,False,0.046875,0.03606479999871226,0.0183327000013378,607752192,1628808,0.17300675365170098,0.37193763919821826,1,,,,,,,20.0,,,128.0,600.0,0.5
gift_cards,multvae,epochs,0,1.0,2041,146,456,449,0.296875,0.3039820999983931,0.9766200049330843,False,0.046875,0.04139420000137761,0.0212041999984649,607752192,1167496,0.14198508368857268,0.29398663697104677,1,,,,,,,10.0,,,64.0,600.0,0.5
gift_cards,multvae,fraction,0,0.25,636,146,456,449,0.65625,0.6566261000007216,0.9994272234979371,False,0.046875,0.037839200002053985,0.019908899997972185,607752192,1167496,0.10700933996631269,0.20935412026726058,1,,,,,,,20.0,,,64.0,600.0,0.5
gift_cards,multvae,fraction,0,0.5,1164,146,456,449,0.609375,0.6185570000016014,0.9851557738388255,False,0.03125,0.0357229000001098,0.01952739999978803,607752192,1167496,0.17073712999807852,0.3429844097995546,1,,,,,,,20.0,,,64.0,600.0,0.5
gift_cards,multvae,corner,0,0.25,636,146,456,449,0.203125,0.20245639999848208,1.0033024394463348,False,0.03125,0.031023999999888474,0.018479099999240134,607752192,544008,0.10307662593122072,0.20935412026726058,1,,,,,,,10.0,,,128.0,200.0,0.0
