dataset,method,seed,best_quality,best_config_id,n_unique,n_duplicates,spent_cpu_seconds,checkpoint_0.25,checkpoint_0.5,checkpoint_1.0
ml100k,grid,0,0.073827224517497,itemknn|topk=10;shrink=0.0|frac=1.0,99,0,146.85461418167347,0.073827224517497,0.073827224517497,0.073827224517497
ml100k,random,0,0.079475733232263,als|factors=32;epochs=30;regularisation=0.1;alpha=1.0|frac=1.0,49,1,147.0625,0.074809747535055,0.078775994455641,0.079475733232263
ml100k,tpe,0,0.079068094664324,als|factors=32;epochs=15;regularisation=0.01;alpha=1.0|frac=1.0,73,193,150.6805070388163,0.076887166977308,0.078174671117688,0.079068094664324
ml100k,successive_halving,0,0.077170461291231,als|factors=32;epochs=5;regularisation=0.01;alpha=1.0|frac=1.0,43,0,148.2439903846154,0.077170461291231,0.077170461291231,0.077170461291231
ml100k,hyperband,0,0.077551795194721,als|factors=64;epochs=5;regularisation=0.01;alpha=1.0|frac=1.0,43,0,153.63300433548187,0.071761985997885,0.072772557980896,0.077551795194721
ml100k,sm2,0,0.076887166977308,markov|order=1;smoothing=0.5;decay=false|frac=1.0,41,0,150.4767028233049,0.067377980320436,0.067377980320436,0.076887166977308
ml100k,bocs,0,0.074367503565843,als|factors=64;epochs=15;regularisation=0.1;alpha=1.0|frac=1.0,42,0,146.50167410714286,0.067957659793393,0.073276216141044,0.074367503565843
ml100k,fmqa,0,0.078775994455641,als|factors=32;epochs=30;regularisation=0.001;alpha=1.0|frac=1.0,64,0,149.0067795174441,0.078775994455641,0.078775994455641,0.078775994455641
ml100k,grid,1,0.073827224517497,itemknn|topk=10;shrink=0.0|frac=1.0,99,0,146.87023918167347,0.073827224517497,0.073827224517497,0.073827224517497
ml100k,random,1,0.079068094664324,als|factors=32;epochs=15;regularisation=0.01;alpha=1.0|frac=1.0,42,3,144.25130208333331,0.07889310261079,0.07889310261079,0.079068094664324
ml100k,tpe,1,0.079475733232263,als|factors=32;epochs=30;regularisation=0.1;alpha=1.0|frac=1.0,72,197,147.97831209834013,0.076887166977308,0.077551795194721,0.079475733232263
ml100k,successive_halving,1,0.079031009902108,als|factors=64;epochs=5;regularisation=0.1;alpha=1.0|frac=1.0,49,0,147.9259215733049,0.072130893278926,0.079031009902108,0.079031009902108
ml100k,hyperband,1,0.079031009902108,als|factors=64;epochs=5;regularisation=0.1;alpha=1.0|frac=1.0,41,0,145.04166666666666,0.063091267204888,0.069552013233104,0.079031009902108
ml100k,sm2,1,0.072133848770243,als|factors=16;epochs=15;regularisation=0.1;alpha=1.0|frac=1.0,54,0,144.32310850214856,0.070965660795139,0.072035376748097,0.072133848770243
ml100k,bocs,1,0.076921290090755,als|factors=32;epochs=5;regularisation=0.1;alpha=1.0|frac=1.0,51,0,150.33984375,0.072035376748097,0.072130893278926,0.076921290090755
ml100k,fmqa,1,0.076887166977308,markov|order=1;smoothing=0.1;decay=false|frac=1.0,54,0,144.63909121616203,0.067446750843474,0.07298946206594,0.076887166977308
ml100k,grid,2,0.073827224517497,itemknn|topk=10;shrink=0.0|frac=1.0,99,0,146.87023918167347,0.073827224517497,0.073827224517497,0.073827224517497
ml100k,random,2,0.076921290090755,als|factors=32;epochs=5;regularisation=0.1;alpha=1.0|frac=1.0,47,1,146.3221153846154,0.071591332341315,0.074281958945344,0.076921290090755
ml100k,tpe,2,0.079031009902108,als|factors=64;epochs=5;regularisation=0.1;alpha=1.0|frac=1.0,78,244,154.53820793167347,0.077551795194721,0.077551795194721,0.079031009902108
ml100k,successive_halving,2,0.074370280394039,als|factors=64;epochs=15;regularisation=0.01;alpha=1.0|frac=1.0,57,0,145.12760416666669,0.07298946206594,0.07298946206594,0.074370280394039
ml100k,hyperband,2,0.078916562402482,als|factors=32;epochs=15;regularisation=0.001;alpha=1.0|frac=1.0,50,0,156.8515625,0.071838450263929,0.078916562402482,0.078916562402482
ml100k,sm2,2,0.079031009902108,als|factors=64;epochs=5;regularisation=0.1;alpha=1.0|frac=1.0,43,0,148.82552083333331,0.069934877014981,0.069934877014981,0.079031009902108
ml100k,bocs,2,0.074370280394039,als|factors=64;epochs=15;regularisation=0.01;alpha=1.0|frac=1.0,42,0,144.93229166666666,0.072613481716454,0.072613481716454,0.074370280394039
ml100k,fmqa,2,0.079475733232263,als|factors=32;epochs=30;regularisation=0.1;alpha=1.0|frac=1.0,60,0,144.50850513676397,0.065911900848609,0.071679297159898,0.079475733232263
ml100k,grid,3,0.073827224517497,itemknn|topk=10;shrink=0.0|frac=1.0,99,0,146.85461418167347,0.073827224517497,0.073827224517497,0.073827224517497
ml100k,random,3,0.077551795194721,als|factors=64;epochs=5;regularisation=0.01;alpha=1.0|frac=1.0,49,6,157.98897388676394,0.064459844727287,0.077551795194721,0.077551795194721
ml100k,tpe,3,0.074809747535055,als|factors=128;epochs=15;regularisation=0.01;alpha=1.0|frac=1.0,43,33,146.51867668167347,0.074809747535055,0.074809747535055,0.074809747535055
ml100k,successive_halving,3,0.079031009902108,als|factors=64;epochs=5;regularisation=0.1;alpha=1.0|frac=1.0,49,0,150.64453125,0.079031009902108,0.079031009902108,0.079031009902108
ml100k,hyperband,3,0.078775994455641,als|factors=32;epochs=30;regularisation=0.001;alpha=1.0|frac=1.0,50,0,156.03584888676394,0.072130893278926,0.078775994455641,0.078775994455641
ml100k,sm2,3,0.079068094664324,als|factors=32;epochs=15;regularisation=0.01;alpha=1.0|frac=1.0,46,0,145.31391743955334,0.078775994455641,0.078775994455641,0.079068094664324
ml100k,bocs,3,0.079068094664324,als|factors=32;epochs=15;regularisation=0.01;alpha=1.0|frac=1.0,39,0,144.59635416666669,0.066977589496023,0.076822288397693,0.079068094664324
ml100k,fmqa,3,0.078916562402482,als|factors=32;epochs=15;regularisation=0.001;alpha=1.0|frac=1.0,69,0,145.33214660622,0.067103085034269,0.067103085034269,0.078916562402482
ml100k,grid,4,0.073827224517497,itemknn|topk=10;shrink=0.0|frac=1.0,99,0,146.87023918167347,0.073827224517497,0.073827224517497,0.073827224517497
ml100k,random,4,0.078174671117688,als|factors=32;epochs=15;regularisation=0.1;alpha=1.0|frac=1.0,43,2,152.83723958333331,0.077170461291231,0.078174671117688,0.078174671117688
ml100k,tpe,4,0.079475733232263,als|factors=32;epochs=30;regularisation=0.1;alpha=1.0|frac=1.0,58,160,145.21993001679346,0.067596432211104,0.079475733232263,0.079475733232263
ml100k,successive_halving,4,0.079031009902108,als|factors=64;epochs=5;regularisation=0.1;alpha=1.0|frac=1.0,30,0,144.73697916666666,0.067957659793393,0.072133848770243,0.079031009902108
ml100k,hyperband,4,0.077170461291231,als|factors=32;epochs=5;regularisation=0.01;alpha=1.0|frac=1.0,68,0,147.33966356167235,0.065911900848609,0.066419141063009,0.077170461291231
ml100k,sm2,4,0.078916562402482,als|factors=32;epochs=15;regularisation=0.001;alpha=1.0|frac=1.0,42,0,145.77176339285714,0.071909148805321,0.078916562402482,0.078916562402482
ml100k,bocs,4,0.078174671117688,als|factors=32;epochs=15;regularisation=0.1;alpha=1.0|frac=1.0,47,0,144.49479166666666,0.06331151947879,0.064118747205767,0.078174671117688
ml100k,fmqa,4,0.07889310261079,als|factors=32;epochs=30;regularisation=0.01;alpha=1.0|frac=1.0,66,0,145.89429954949534,0.076769272305744,0.076769272305744,0.07889310261079
ml100k,grid,5,0.073827224517497,itemknn|topk=10;shrink=0.0|frac=1.0,99,0,146.88586418167347,0.073827224517497,0.073827224517497,0.073827224517497
ml100k,random,5,0.071909148805321,als|factors=16;epochs=5;regularisation=0.1;alpha=1.0|frac=1.0,64,4,145.8251488095238,0.071909148805321,0.071909148805321,0.071909148805321
ml100k,tpe,5,0.079031009902108,als|factors=64;epochs=5;regularisation=0.1;alpha=1.0|frac=1.0,69,252,145.95053909009835,0.076887166977308,0.076887166977308,0.079031009902108
ml100k,successive_halving,5,0.079068094664324,als|factors=32;epochs=15;regularisation=0.01;alpha=1.0|frac=1.0,50,0,150.23108490750207,0.079068094664324,0.079068094664324,0.079068094664324
ml100k,hyperband,5,0.073251714964692,als|factors=128;epochs=30;regularisation=0.001;alpha=1.0|frac=1.0,38,0,150.8095238095238,0.071591332341315,0.071591332341315,0.072035376748097
ml100k,sm2,5,0.079031009902108,als|factors=64;epochs=5;regularisation=0.1;alpha=1.0|frac=1.0,45,0,145.07291666666666,0.079031009902108,0.079031009902108,0.079031009902108
ml100k,bocs,5,0.079031009902108,als|factors=64;epochs=5;regularisation=0.1;alpha=1.0|frac=1.0,36,0,148.80989583333331,0.072202953637077,0.073312016856717,0.079031009902108
ml100k,fmqa,5,0.079031009902108,als|factors=64;epochs=5;regularisation=0.1;alpha=1.0|frac=1.0,67,0,148.88054049212013,0.069293156077438,0.079031009902108,0.079031009902108
ml100k,grid,6,0.073827224517497,itemknn|topk=10;shrink=0.0|frac=1.0,99,0,146.90148918167347,0.073827224517497,0.073827224517497,0.073827224517497
ml100k,random,6,0.079068094664324,als|factors=32;epochs=15;regularisation=0.01;alpha=1.0|frac=1.0,41,2,145.66666666666669,0.077170461291231,0.077170461291231,0.079068094664324
ml100k,tpe,6,0.079068094664324,als|factors=32;epochs=15;regularisation=0.01;alpha=1.0|frac=1.0,79,318,146.08080465786392,0.071591332341315,0.079068094664324,0.079068094664324
ml100k,successive_halving,6,0.072133848770243,als|factors=16;epochs=15;regularisation=0.1;alpha=1.0|frac=1.0,55,0,147.00651041666669,0.071591332341315,0.072133848770243,0.072133848770243
ml100k,hyperband,6,0.076887166977308,markov|order=1;smoothing=0.1;decay=false|frac=1.0,55,0,144.84244791666666,0.073827224517497,0.076887166977308,0.076887166977308
ml100k,sm2,6,0.079068094664324,als|factors=32;epochs=15;regularisation=0.01;alpha=1.0|frac=1.0,52,0,157.0546875,0.073251714964692,0.079068094664324,0.079068094664324
ml100k,bocs,6,0.077551795194721,als|factors=64;epochs=5;regularisation=0.01;alpha=1.0|frac=1.0,47,1,144.94270833333331,0.076887166977308,0.077551795194721,0.077551795194721
ml100k,fmqa,6,0.079068094664324,als|factors=32;epochs=15;regularisation=0.01;alpha=1.0|frac=1.0,52,0,145.14453125,0.079068094664324,0.079068094664324,0.079068094664324
ml100k,grid,7,0.073827224517497,itemknn|topk=10;shrink=0.0|frac=1.0,99,0,146.87023918167347,0.073827224517497,0.073827224517497,0.073827224517497
ml100k,random,7,0.078916562402482,als|factors=32;epochs=15;regularisation=0.001;alpha=1.0|frac=1.0,54,4,148.03869047619048,0.072133848770243,0.072133848770243,0.078916562402482
ml100k,tpe,7,0.078775994455641,als|factors=32;epochs=30;regularisation=0.001;alpha=1.0|frac=1.0,84,511,161.01359712581265,0.05837949300739,0.076887166977308,0.078775994455641
ml100k,successive_halving,7,0.074809747535055,als|factors=128;epochs=15;regularisation=0.01;alpha=1.0|frac=1.0,40,0,145.13163919413918,0.074367503565843,0.074367503565843,0.074809747535055
ml100k,hyperband,7,0.074809747535055,als|factors=128;epochs=15;regularisation=0.01;alpha=1.0|frac=1.0,41,0,144.28385416666666,0.059605975175858,0.064639157439457,0.074809747535055
ml100k,sm2,7,0.073312016856717,als|factors=128;epochs=30;regularisation=0.01;alpha=1.0|frac=1.0,42,0,144.99882669413918,0.057261983551716,0.073312016856717,0.073312016856717
ml100k,bocs,7,0.077551795194721,als|factors=64;epochs=5;regularisation=0.01;alpha=1.0|frac=1.0,67,0,146.7373511904762,0.077170461291231,0.077170461291231,0.077551795194721
ml100k,fmqa,7,0.076887166977308,markov|order=1;smoothing=0.1;decay=false|frac=1.0,50,0,149.7931090733049,0.073251714964692,0.073251714964692,0.076887166977308
ml100k,grid,8,0.073827224517497,itemknn|topk=10;shrink=0.0|frac=1.0,99,0,146.91711418167347,0.073827224517497,0.073827224517497,0.073827224517497
ml100k,random,8,0.073276216141044,als|factors=128;epochs=30;regularisation=0.1;alpha=1.0|frac=1.0,42,3,149.73449035622002,0.072202953637077,0.072202953637077,0.073276216141044
ml100k,tpe,8,0.07889310261079,als|factors=32;epochs=30;regularisation=0.01;alpha=1.0|frac=1.0,62,256,161.542242959146,0.076887166977308,0.076887166977308,0.07889310261079
ml100k,successive_halving,8,0.078174671117688,als|factors=32;epochs=15;regularisation=0.1;alpha=1.0|frac=1.0,44,0,150.38541666666669,0.07095395181419,0.078174671117688,0.078174671117688
ml100k,hyperband,8,0.072035376748097,als|factors=128;epochs=5;regularisation=0.001;alpha=1.0|frac=1.0,47,0,145.02864583333331,0.071759479563012,0.071909148805321,0.072035376748097
ml100k,sm2,8,0.074058334296324,als|factors=128;epochs=15;regularisation=0.1;alpha=1.0|frac=1.0,38,0,155.3173363095238,0.071591332341315,0.071591332341315,0.074058334296324
ml100k,bocs,8,0.074037910052365,als|factors=64;epochs=30;regularisation=0.1;alpha=1.0|frac=1.0,36,0,148.95052083333331,0.074037910052365,0.074037910052365,0.074037910052365
ml100k,fmqa,8,0.078174671117688,als|factors=32;epochs=15;regularisation=0.1;alpha=1.0|frac=1.0,65,0,145.89384532416872,0.069552013233104,0.077551795194721,0.078174671117688
ml100k,grid,9,0.073827224517497,itemknn|topk=10;shrink=0.0|frac=1.0,99,0,146.83898918167347,0.073827224517497,0.073827224517497,0.073827224517497
ml100k,random,9,0.074281958945344,als|factors=64;epochs=15;regularisation=0.001;alpha=1.0|frac=1.0,49,3,144.59356981167235,0.071909148805321,0.074281958945344,0.074281958945344
ml100k,tpe,9,0.076887166977308,markov|order=1;smoothing=0.5;decay=false|frac=1.0,83,575,154.16538284009837,0.076887166977308,0.076887166977308,0.076887166977308
ml100k,successive_halving,9,0.078174671117688,als|factors=32;epochs=15;regularisation=0.1;alpha=1.0|frac=1.0,51,0,160.6328125,0.059432450908994,0.076822288397693,0.078174671117688
ml100k,hyperband,9,0.079068094664324,als|factors=32;epochs=15;regularisation=0.01;alpha=1.0|frac=1.0,42,0,144.43229166666669,0.076822288397693,0.076822288397693,0.079068094664324
ml100k,sm2,9,0.079475733232263,als|factors=32;epochs=30;regularisation=0.1;alpha=1.0|frac=1.0,43,0,145.04166666666669,0.079475733232263,0.079475733232263,0.079475733232263
ml100k,bocs,9,0.079031009902108,als|factors=64;epochs=5;regularisation=0.1;alpha=1.0|frac=1.0,46,1,148.47327240750207,0.071838450263929,0.071838450263929,0.079031009902108
ml100k,fmqa,9,0.079475733232263,als|factors=32;epochs=30;regularisation=0.1;alpha=1.0|frac=1.0,62,0,145.03044871794873,0.079475733232263,0.079475733232263,0.079475733232263
ml100k,grid,10,0.073827224517497,itemknn|topk=10;shrink=0.0|frac=1.0,99,0,146.90148918167347,0.073827224517497,0.073827224517497,0.073827224517497
ml100k,random,10,0.076887166977308,markov|order=1;smoothing=0.1;decay=false|frac=1.0,37,0,149.0010703828287,0.076887166977308,0.076887166977308,0.076887166977308
ml100k,tpe,10,0.079475733232263,als|factors=32;epochs=30;regularisation=0.1;alpha=1.0|frac=1.0,51,100,144.94706209834013,0.05837949300739,0.072613481716454,0.079475733232263
ml100k,successive_halving,10,0.076822288397693,als|factors=64;epochs=5;regularisation=0.001;alpha=1.0|frac=1.0,60,0,147.67200377747253,0.074800464349429,0.074800464349429,0.076822288397693
ml100k,hyperband,10,0.076887166977308,markov|order=1;smoothing=0.5;decay=false|frac=1.0,46,0,151.00665073997158,0.066208573956877,0.076887166977308,0.076887166977308
ml100k,sm2,10,0.074058334296324,als|factors=128;epochs=15;regularisation=0.1;alpha=1.0|frac=1.0,46,0,152.875,0.07139672607283,0.07139672607283,0.074058334296324
ml100k,bocs,10,0.078775994455641,als|factors=32;epochs=30;regularisation=0.001;alpha=1.0|frac=1.0,50,0,150.2782738095238,0.078775994455641,0.078775994455641,0.078775994455641
ml100k,fmqa,10,0.079475733232263,als|factors=32;epochs=30;regularisation=0.1;alpha=1.0|frac=1.0,66,0,145.23972365663823,0.079475733232263,0.079475733232263,0.079475733232263
ml100k,grid,11,0.073827224517497,itemknn|topk=10;shrink=0.0|frac=1.0,99,0,147.01086418167347,0.073827224517497,0.073827224517497,0.073827224517497
ml100k,random,11,0.074370280394039,als|factors=64;epochs=15;regularisation=0.01;alpha=1.0|frac=1.0,43,4,144.53125,0.073276216141044,0.073276216141044,0.074370280394039
ml100k,tpe,11,0.079475733232263,als|factors=32;epochs=30;regularisation=0.1;alpha=1.0|frac=1.0,77,316,150.59966251592965,0.071591332341315,0.078916562402482,0.079475733232263
ml100k,successive_halving,11,0.074370280394039,als|factors=64;epochs=15;regularisation=0.01;alpha=1.0|frac=1.0,44,0,145.42317708333331,0.074370280394039,0.074370280394039,0.074370280394039
ml100k,hyperband,11,0.079475733232263,als|factors=32;epochs=30;regularisation=0.1;alpha=1.0|frac=1.0,52,0,146.5126488095238,0.07889310261079,0.079475733232263,0.079475733232263
ml100k,sm2,11,0.078916562402482,als|factors=32;epochs=15;regularisation=0.001;alpha=1.0|frac=1.0,49,0,147.27969124907713,0.07139672607283,0.071759479563012,0.078916562402482
ml100k,bocs,11,0.077170461291231,als|factors=32;epochs=5;regularisation=0.01;alpha=1.0|frac=1.0,54,0,145.93229166666666,0.077170461291231,0.077170461291231,0.077170461291231
ml100k,fmqa,11,0.079068094664324,als|factors=32;epochs=15;regularisation=0.01;alpha=1.0|frac=1.0,63,0,145.4752205516439,0.079068094664324,0.079068094664324,0.079068094664324
ml100k,grid,12,0.073827224517497,itemknn|topk=10;shrink=0.0|frac=1.0,99,0,146.97961418167347,0.073827224517497,0.073827224517497,0.073827224517497
ml100k,random,12,0.078775994455641,als|factors=32;epochs=30;regularisation=0.001;alpha=1.0|frac=1.0,55,1,144.67560106167232,0.076769272305744,0.078174671117688,0.078775994455641
ml100k,tpe,12,0.079031009902108,als|factors=64;epochs=5;regularisation=0.1;alpha=1.0|frac=1.0,83,394,146.67282331628883,0.076887166977308,0.076887166977308,0.079031009902108
ml100k,successive_halving,12,0.079031009902108,als|factors=64;epochs=5;regularisation=0.1;alpha=1.0|frac=1.0,39,0,144.49609375,0.079031009902108,0.079031009902108,0.079031009902108
ml100k,hyperband,12,0.077551795194721,als|factors=64;epochs=5;regularisation=0.01;alpha=1.0|frac=1.0,47,0,150.53943452380952,0.072202953637077,0.076769272305744,0.077551795194721
ml100k,sm2,12,0.076887166977308,markov|order=1;smoothing=0.1;decay=false|frac=1.0,45,0,145.18038013676392,0.063636899302233,0.076887166977308,0.076887166977308
ml100k,bocs,12,0.079475733232263,als|factors=32;epochs=30;regularisation=0.1;alpha=1.0|frac=1.0,51,0,146.31380208333331,0.071679297159898,0.071679297159898,0.079475733232263
ml100k,fmqa,12,0.079031009902108,als|factors=64;epochs=5;regularisation=0.1;alpha=1.0|frac=1.0,69,0,145.25495166574382,0.079031009902108,0.079031009902108,0.079031009902108
ml100k,grid,13,0.073827224517497,itemknn|topk=10;shrink=0.0|frac=1.0,99,0,146.94836418167347,0.073827224517497,0.073827224517497,0.073827224517497
ml100k,random,13,0.07889310261079,als|factors=32;epochs=30;regularisation=0.01;alpha=1.0|frac=1.0,36,0,151.41666666666666,0.07139672607283,0.072202953637077,0.07889310261079
ml100k,tpe,13,0.079031009902108,als|factors=64;epochs=5;regularisation=0.1;alpha=1.0|frac=1.0,72,193,145.02802296551144,0.073251714964692,0.076769272305744,0.079031009902108
ml100k,successive_halving,13,0.079068094664324,als|factors=32;epochs=15;regularisation=0.01;alpha=1.0|frac=1.0,50,0,148.5703125,0.079068094664324,0.079068094664324,0.079068094664324
ml100k,hyperband,13,0.074037910052365,als|factors=64;epochs=30;regularisation=0.1;alpha=1.0|frac=1.0,43,0,162.59765625,0.071883591529523,0.073251714964692,0.074037910052365
ml100k,sm2,13,0.07889310261079,als|factors=32;epochs=30;regularisation=0.01;alpha=1.0|frac=1.0,34,0,148.58203125,0.07889310261079,0.07889310261079,0.07889310261079
ml100k,bocs,13,0.074800464349429,als|factors=128;epochs=15;regularisation=0.001;alpha=1.0|frac=1.0,42,0,154.6486293354819,0.063091267204888,0.069293156077438,0.074800464349429
ml100k,fmqa,13,0.079068094664324,als|factors=32;epochs=15;regularisation=0.01;alpha=1.0|frac=1.0,62,0,145.10000374907716,0.071838450263929,0.071838450263929,0.079068094664324
ml100k,grid,14,0.073827224517497,itemknn|topk=10;shrink=0.0|frac=1.0,99,0,146.94836418167347,0.073827224517497,0.073827224517497,0.073827224517497
ml100k,random,14,0.077170461291231,als|factors=32;epochs=5;regularisation=0.01;alpha=1.0|frac=1.0,44,2,144.7983689188152,0.071405635939778,0.077170461291231,0.077170461291231
ml100k,tpe,14,0.07889310261079,als|factors=32;epochs=30;regularisation=0.01;alpha=1.0|frac=1.0,78,280,145.35710299212013,0.073827224517497,0.07889310261079,0.07889310261079
ml100k,successive_halving,14,0.076921290090755,als|factors=32;epochs=5;regularisation=0.1;alpha=1.0|frac=1.0,45,0,146.5014939188152,0.076921290090755,0.076921290090755,0.076921290090755
ml100k,hyperband,14,0.076769272305744,als|factors=32;epochs=5;regularisation=0.001;alpha=1.0|frac=1.0,41,0,145.3221153846154,0.076769272305744,0.076769272305744,0.076769272305744
ml100k,sm2,14,0.077551795194721,als|factors=64;epochs=5;regularisation=0.01;alpha=1.0|frac=1.0,38,0,147.96614583333334,0.074809747535055,0.074809747535055,0.077551795194721
ml100k,bocs,14,0.079031009902108,als|factors=64;epochs=5;regularisation=0.1;alpha=1.0|frac=1.0,44,0,148.51041666666666,0.079031009902108,0.079031009902108,0.079031009902108
ml100k,fmqa,14,0.076887166977308,markov|order=1;smoothing=0.1;decay=false|frac=1.0,71,1,146.68373407330486,0.074281958945344,0.074281958945344,0.076887166977308
ml100k,grid,15,0.073827224517497,itemknn|topk=10;shrink=0.0|frac=1.0,99,0,146.94836418167347,0.073827224517497,0.073827224517497,0.073827224517497
ml100k,random,15,0.077170461291231,als|factors=32;epochs=5;regularisation=0.01;alpha=1.0|frac=1.0,59,2,151.31560496794873,0.07095395181419,0.070965660795139,0.077170461291231
ml100k,tpe,15,0.079475733232263,als|factors=32;epochs=30;regularisation=0.1;alpha=1.0|frac=1.0,57,94,152.32466626500678,0.072202953637077,0.079475733232263,0.079475733232263
ml100k,successive_halving,15,0.078775994455641,als|factors=32;epochs=30;regularisation=0.001;alpha=1.0|frac=1.0,52,0,163.04446266881524,0.078775994455641,0.078775994455641,0.078775994455641
ml100k,hyperband,15,0.076822288397693,als|factors=64;epochs=5;regularisation=0.001;alpha=1.0|frac=1.0,63,0,144.54961948997155,0.069293156077438,0.071838450263929,0.076822288397693
ml100k,sm2,15,0.076921290090755,als|factors=32;epochs=5;regularisation=0.1;alpha=1.0|frac=1.0,60,0,146.10821323997158,0.076921290090755,0.076921290090755,0.076921290090755
ml100k,bocs,15,0.073312016856717,als|factors=128;epochs=30;regularisation=0.01;alpha=1.0|frac=1.0,38,0,147.671875,0.073276216141044,0.073276216141044,0.073312016856717
ml100k,fmqa,15,0.078916562402482,als|factors=32;epochs=15;regularisation=0.001;alpha=1.0|frac=1.0,58,0,155.828125,0.078916562402482,0.078916562402482,0.078916562402482
ml100k,grid,16,0.073827224517497,itemknn|topk=10;shrink=0.0|frac=1.0,99,0,146.96398918167347,0.073827224517497,0.073827224517497,0.073827224517497
ml100k,random,16,0.07298946206594,als|factors=64;epochs=30;regularisation=0.01;alpha=1.0|frac=1.0,45,0,148.43712797619048,0.071883591529523,0.071883591529523,0.07298946206594
ml100k,tpe,16,0.079031009902108,als|factors=64;epochs=5;regularisation=0.1;alpha=1.0|frac=1.0,88,474,146.36813581628883,0.076887166977308,0.076887166977308,0.079031009902108
ml100k,successive_halving,16,0.074800464349429,als|factors=128;epochs=15;regularisation=0.001;alpha=1.0|frac=1.0,45,0,145.03515625,0.072130893278926,0.074800464349429,0.074800464349429
ml100k,hyperband,16,0.076887166977308,markov|order=1;smoothing=0.1;decay=false|frac=1.0,51,0,149.7734375,0.063764567582465,0.06780153992558,0.076887166977308
ml100k,sm2,16,0.079068094664324,als|factors=32;epochs=15;regularisation=0.01;alpha=1.0|frac=1.0,37,0,144.703125,0.071679297159898,0.071679297159898,0.079068094664324
ml100k,bocs,16,0.074367503565843,als|factors=64;epochs=15;regularisation=0.1;alpha=1.0|frac=1.0,48,0,144.3506324404762,0.074367503565843,0.074367503565843,0.074367503565843
ml100k,fmqa,16,0.076887166977308,markov|order=1;smoothing=0.1;decay=false|frac=1.0,63,0,148.48356029669623,0.068103249503298,0.068103249503298,0.076887166977308
ml100k,grid,17,0.073827224517497,itemknn|topk=10;shrink=0.0|frac=1.0,99,0,147.16711418167347,0.073827224517497,0.073827224517497,0.073827224517497
ml100k,random,17,0.079475733232263,als|factors=32;epochs=30;regularisation=0.1;alpha=1.0|frac=1.0,44,3,145.86038814839648,0.079475733232263,0.079475733232263,0.079475733232263
ml100k,tpe,17,0.079475733232263,als|factors=32;epochs=30;regularisation=0.1;alpha=1.0|frac=1.0,77,374,147.52085159009835,0.076887166977308,0.076887166977308,0.079475733232263
ml100k,successive_halving,17,0.077551795194721,als|factors=64;epochs=5;regularisation=0.01;alpha=1.0|frac=1.0,43,0,153.63300433548187,0.071761985997885,0.072772557980896,0.077551795194721
ml100k,hyperband,17,0.076887166977308,markov|order=1;smoothing=0.5;decay=false|frac=1.0,41,0,150.4610778233049,0.067377980320436,0.067377980320436,0.076887166977308
ml100k,sm2,17,0.076887166977308,markov|order=1;smoothing=0.1;decay=false|frac=1.0,66,0,163.26574035622,0.073276216141044,0.073276216141044,0.076887166977308
ml100k,bocs,17,0.079475733232263,als|factors=32;epochs=30;regularisation=0.1;alpha=1.0|frac=1.0,41,0,145.0001918354819,0.079475733232263,0.079475733232263,0.079475733232263
ml100k,fmqa,17,0.076887166977308,markov|order=1;smoothing=0.5;decay=false|frac=1.0,57,0,146.2784141328287,0.059143001198895,0.073312016856717,0.076887166977308
ml100k,grid,18,0.073827224517497,itemknn|topk=10;shrink=0.0|frac=1.0,99,0,147.08898918167347,0.073827224517497,0.073827224517497,0.073827224517497
ml100k,random,18,0.079031009902108,als|factors=64;epochs=5;regularisation=0.1;alpha=1.0|frac=1.0,57,4,157.96886535622002,0.079031009902108,0.079031009902108,0.079031009902108
ml100k,tpe,18,0.079068094664324,als|factors=32;epochs=15;regularisation=0.01;alpha=1.0|frac=1.0,73,208,145.3824587329555,0.07889310261079,0.07889310261079,0.079068094664324
ml100k,successive_halving,18,0.079031009902108,als|factors=64;epochs=5;regularisation=0.1;alpha=1.0|frac=1.0,41,0,145.04166666666666,0.063091267204888,0.069552013233104,0.079031009902108
ml100k,hyperband,18,0.072133848770243,als|factors=16;epochs=15;regularisation=0.1;alpha=1.0|frac=1.0,54,0,144.32310850214856,0.070965660795139,0.072035376748097,0.072133848770243
ml100k,sm2,18,0.072035376748097,als|factors=128;epochs=5;regularisation=0.001;alpha=1.0|frac=1.0,41,0,154.20963541666669,0.063764567582465,0.072035376748097,0.072035376748097
ml100k,bocs,18,0.078916562402482,als|factors=32;epochs=15;regularisation=0.001;alpha=1.0|frac=1.0,49,0,145.96056547619048,0.076921290090755,0.076921290090755,0.078916562402482
ml100k,fmqa,18,0.077551795194721,als|factors=64;epochs=5;regularisation=0.01;alpha=1.0|frac=1.0,67,0,145.02535574083538,0.071591332341315,0.077551795194721,0.077551795194721
ml100k,grid,19,0.073827224517497,itemknn|topk=10;shrink=0.0|frac=1.0,99,0,147.04211418167347,0.073827224517497,0.073827224517497,0.073827224517497
ml100k,random,19,0.076822288397693,als|factors=64;epochs=5;regularisation=0.001;alpha=1.0|frac=1.0,39,1,148.7865986566382,0.074370280394039,0.074370280394039,0.076822288397693
ml100k,tpe,19,0.079068094664324,als|factors=32;epochs=15;regularisation=0.01;alpha=1.0|frac=1.0,55,81,146.2073384417019,0.07889310261079,0.07889310261079,0.079068094664324
ml100k,successive_halving,19,0.078916562402482,als|factors=32;epochs=15;regularisation=0.001;alpha=1.0|frac=1.0,50,0,156.8515625,0.071838450263929,0.078916562402482,0.078916562402482
ml100k,hyperband,19,0.079031009902108,als|factors=64;epochs=5;regularisation=0.1;alpha=1.0|frac=1.0,43,0,148.82552083333331,0.069934877014981,0.069934877014981,0.079031009902108
ml100k,sm2,19,0.073312016856717,als|factors=128;epochs=30;regularisation=0.01;alpha=1.0|frac=1.0,46,0,152.96744791666666,0.072613481716454,0.072613481716454,0.073312016856717
ml100k,bocs,19,0.071405635939778,als|factors=16;epochs=5;regularisation=0.01;alpha=1.0|frac=1.0,35,0,144.79594494047618,0.071405635939778,0.071405635939778,0.071405635939778
ml100k,fmqa,19,0.077170461291231,als|factors=32;epochs=5;regularisation=0.01;alpha=1.0|frac=1.0,60,0,144.6791352878628,0.077170461291231,0.077170461291231,0.077170461291231
ml100k,grid,20,0.073827224517497,itemknn|topk=10;shrink=0.0|frac=1.0,99,0,146.93273918167347,0.073827224517497,0.073827224517497,0.073827224517497
ml100k,random,20,0.078174671117688,als|factors=32;epochs=15;regularisation=0.1;alpha=1.0|frac=1.0,42,3,148.56119791666666,0.076887166977308,0.076887166977308,0.078174671117688
ml100k,tpe,20,0.079475733232263,als|factors=32;epochs=30;regularisation=0.1;alpha=1.0|frac=1.0,59,127,150.42232251500678,0.079475733232263,0.079475733232263,0.079475733232263
ml100k,successive_halving,20,0.078775994455641,als|factors=32;epochs=30;regularisation=0.001;alpha=1.0|frac=1.0,50,0,156.03584888676394,0.072130893278926,0.078775994455641,0.078775994455641
ml100k,hyperband,20,0.079068094664324,als|factors=32;epochs=15;regularisation=0.01;alpha=1.0|frac=1.0,46,0,145.31391743955334,0.078775994455641,0.078775994455641,0.079068094664324
ml100k,sm2,20,0.077551795194721,als|factors=64;epochs=5;regularisation=0.01;alpha=1.0|frac=1.0,39,0,144.7578125,0.076822288397693,0.076822288397693,0.077551795194721
ml100k,bocs,20,0.076822288397693,als|factors=64;epochs=5;regularisation=0.001;alpha=1.0|frac=1.0,48,0,147.45442708333331,0.076822288397693,0.076822288397693,0.076822288397693
ml100k,fmqa,20,0.074367503565843,als|factors=64;epochs=15;regularisation=0.1;alpha=1.0|frac=1.0,65,0,154.1537746108059,0.073251714964692,0.074367503565843,0.074367503565843
ml100k,grid,21,0.073827224517497,itemknn|topk=10;shrink=0.0|frac=1.0,99,0,146.97961418167347,0.073827224517497,0.073827224517497,0.073827224517497
ml100k,random,21,0.079068094664324,als|factors=32;epochs=15;regularisation=0.01;alpha=1.0|frac=1.0,51,3,159.19791666666666,0.071761985997885,0.079031009902108,0.079068094664324
ml100k,tpe,21,0.074809747535055,als|factors=128;epochs=15;regularisation=0.01;alpha=1.0|frac=1.0,44,36,153.92672956628883,0.074809747535055,0.074809747535055,0.074809747535055
ml100k,successive_halving,21,0.077170461291231,als|factors=32;epochs=5;regularisation=0.01;alpha=1.0|frac=1.0,68,0,147.33966356167235,0.065911900848609,0.066419141063009,0.077170461291231
ml100k,hyperband,21,0.078916562402482,als|factors=32;epochs=15;regularisation=0.001;alpha=1.0|frac=1.0,42,0,145.77176339285714,0.071909148805321,0.078916562402482,0.078916562402482
ml100k,sm2,21,0.079031009902108,als|factors=64;epochs=5;regularisation=0.1;alpha=1.0|frac=1.0,56,0,145.40364583333331,0.064118747205767,0.065862472619428,0.079031009902108
ml100k,bocs,21,0.079475733232263,als|factors=32;epochs=30;regularisation=0.1;alpha=1.0|frac=1.0,56,0,145.2131696428571,0.071759479563012,0.071759479563012,0.079475733232263
ml100k,fmqa,21,0.07889310261079,als|factors=32;epochs=30;regularisation=0.01;alpha=1.0|frac=1.0,65,0,144.23201496702586,0.070628465830239,0.076887166977308,0.07889310261079
ml100k,grid,22,0.073827224517497,itemknn|topk=10;shrink=0.0|frac=1.0,99,0,146.97961418167347,0.073827224517497,0.073827224517497,0.073827224517497
ml100k,random,22,0.073276216141044,als|factors=128;epochs=30;regularisation=0.1;alpha=1.0|frac=1.0,38,1,144.39583333333331,0.064118747205767,0.067957659793393,0.073276216141044
ml100k,tpe,22,0.079068094664324,als|factors=32;epochs=15;regularisation=0.01;alpha=1.0|frac=1.0,64,173,145.02166629340215,0.07889310261079,0.07889310261079,0.079068094664324
ml100k,successive_halving,22,0.073251714964692,als|factors=128;epochs=30;regularisation=0.001;alpha=1.0|frac=1.0,38,0,150.8095238095238,0.071591332341315,0.071591332341315,0.072035376748097
ml100k,hyperband,22,0.079031009902108,als|factors=64;epochs=5;regularisation=0.1;alpha=1.0|frac=1.0,45,0,145.07291666666666,0.079031009902108,0.079031009902108,0.079031009902108
ml100k,sm2,22,0.073312016856717,als|factors=128;epochs=30;regularisation=0.01;alpha=1.0|frac=1.0,43,0,150.24230285622002,0.069293156077438,0.073312016856717,0.073312016856717
ml100k,bocs,22,0.079475733232263,als|factors=32;epochs=30;regularisation=0.1;alpha=1.0|frac=1.0,51,0,145.01004464285714,0.069899778672383,0.079475733232263,0.079475733232263
ml100k,fmqa,22,0.076887166977308,markov|order=1;smoothing=0.5;decay=false|frac=1.0,49,0,145.92459452288668,0.073827224517497,0.076887166977308,0.076887166977308
ml100k,grid,23,0.073827224517497,itemknn|topk=10;shrink=0.0|frac=1.0,99,0,146.93273918167347,0.073827224517497,0.073827224517497,0.073827224517497
ml100k,random,23,0.078775994455641,als|factors=32;epochs=30;regularisation=0.001;alpha=1.0|frac=1.0,51,0,145.08035714285714,0.072130893278926,0.072130893278926,0.078775994455641
ml100k,tpe,23,0.079068094664324,als|factors=32;epochs=15;regularisation=0.01;alpha=1.0|frac=1.0,62,240,147.5910810012257,0.074370280394039,0.074809747535055,0.079068094664324
ml100k,successive_halving,23,0.076887166977308,markov|order=1;smoothing=0.1;decay=false|frac=1.0,55,0,144.84244791666666,0.073827224517497,0.076887166977308,0.076887166977308
ml100k,hyperband,23,0.079068094664324,als|factors=32;epochs=15;regularisation=0.01;alpha=1.0|frac=1.0,52,0,157.0546875,0.073251714964692,0.079068094664324,0.079068094664324
ml100k,sm2,23,0.079475733232263,als|factors=32;epochs=30;regularisation=0.1;alpha=1.0|frac=1.0,50,0,147.28515625,0.076887166977308,0.079475733232263,0.079475733232263
ml100k,bocs,23,0.078174671117688,als|factors=32;epochs=15;regularisation=0.1;alpha=1.0|frac=1.0,45,0,145.52615702288665,0.076769272305744,0.076769272305744,0.078174671117688
ml100k,fmqa,23,0.079475733232263,als|factors=32;epochs=30;regularisation=0.1;alpha=1.0|frac=1.0,65,0,156.4715983003592,0.079475733232263,0.079475733232263,0.079475733232263
ml100k,grid,24,0.073827224517497,itemknn|topk=10;shrink=0.0|frac=1.0,99,0,147.13586418167347,0.073827224517497,0.073827224517497,0.073827224517497
ml100k,random,24,0.079031009902108,als|factors=64;epochs=5;regularisation=0.1;alpha=1.0|frac=1.0,52,5,146.2326436584249,0.077551795194721,0.077551795194721,0.079031009902108
ml100k,tpe,24,0.079031009902108,als|factors=64;epochs=5;regularisation=0.1;alpha=1.0|frac=1.0,87,490,144.23948623387835,0.076921290090755,0.079031009902108,0.079031009902108
ml100k,successive_halving,24,0.074809747535055,als|factors=128;epochs=15;regularisation=0.01;alpha=1.0|frac=1.0,41,0,144.28385416666666,0.059605975175858,0.064639157439457,0.074809747535055
ml100k,hyperband,24,0.073312016856717,als|factors=128;epochs=30;regularisation=0.01;alpha=1.0|frac=1.0,42,0,144.99882669413918,0.057261983551716,0.073312016856717,0.073312016856717
ml100k,sm2,24,0.078775994455641,als|factors=32;epochs=30;regularisation=0.001;alpha=1.0|frac=1.0,67,0,152.0890290466962,0.077170461291231,0.077170461291231,0.078775994455641
ml100k,bocs,24,0.078174671117688,als|factors=32;epochs=15;regularisation=0.1;alpha=1.0|frac=1.0,36,0,145.6328125,0.064108060182604,0.078174671117688,0.078174671117688
ml100k,fmqa,24,0.079068094664324,als|factors=32;epochs=15;regularisation=0.01;alpha=1.0|frac=1.0,65,0,155.70547249907713,0.072202953637077,0.079068094664324,0.079068094664324
ml100k,grid,25,0.073827224517497,itemknn|topk=10;shrink=0.0|frac=1.0,99,0,151.27648918167347,0.073827224517497,0.073827224517497,0.073827224517497
ml100k,random,25,0.07889310261079,als|factors=32;epochs=30;regularisation=0.01;alpha=1.0|frac=1.0,41,2,146.67057291666669,0.071679297159898,0.071679297159898,0.07889310261079
ml100k,tpe,25,0.078916562402482,als|factors=32;epochs=15;regularisation=0.001;alpha=1.0|frac=1.0,78,356,147.03338504340218,0.076887166977308,0.076887166977308,0.078916562402482
ml100k,successive_halving,25,0.072035376748097,als|factors=128;epochs=5;regularisation=0.001;alpha=1.0|frac=1.0,47,0,145.02864583333331,0.071759479563012,0.071909148805321,0.072035376748097
ml100k,hyperband,25,0.074058334296324,als|factors=128;epochs=15;regularisation=0.1;alpha=1.0|frac=1.0,38,0,155.3173363095238,0.071591332341315,0.071591332341315,0.074058334296324
ml100k,sm2,25,0.074037910052365,als|factors=64;epochs=30;regularisation=0.1;alpha=1.0|frac=1.0,57,0,148.84375,0.06668615609364,0.074037910052365,0.074037910052365
ml100k,bocs,25,0.071761985997885,als|factors=128;epochs=5;regularisation=0.01;alpha=1.0|frac=1.0,38,0,144.42169481167238,0.060913479685166,0.07139672607283,0.071761985997885
ml100k,fmqa,25,0.077551795194721,als|factors=64;epochs=5;regularisation=0.01;alpha=1.0|frac=1.0,67,0,145.4688903233049,0.076887166977308,0.077551795194721,0.077551795194721
ml100k,grid,26,0.073827224517497,itemknn|topk=10;shrink=0.0|frac=1.0,99,0,146.90148918167347,0.073827224517497,0.073827224517497,0.073827224517497
ml100k,random,26,0.073251714964692,als|factors=128;epochs=30;regularisation=0.001;alpha=1.0|frac=1.0,45,2,147.7201924066382,0.07139672607283,0.073251714964692,0.073251714964692
ml100k,tpe,26,0.079031009902108,als|factors=64;epochs=5;regularisation=0.1;alpha=1.0|frac=1.0,75,210,145.86329950676503,0.07889310261079,0.078916562402482,0.079031009902108
ml100k,successive_halving,26,0.079068094664324,als|factors=32;epochs=15;regularisation=0.01;alpha=1.0|frac=1.0,42,0,144.41666666666669,0.076822288397693,0.076822288397693,0.079068094664324
ml100k,hyperband,26,0.079475733232263,als|factors=32;epochs=30;regularisation=0.1;alpha=1.0|frac=1.0,43,0,145.04166666666669,0.079475733232263,0.079475733232263,0.079475733232263
ml100k,sm2,26,0.078775994455641,als|factors=32;epochs=30;regularisation=0.001;alpha=1.0|frac=1.0,58,0,145.2766578241687,0.071838450263929,0.074367503565843,0.078775994455641
ml100k,bocs,26,0.077170461291231,als|factors=32;epochs=5;regularisation=0.01;alpha=1.0|frac=1.0,33,0,144.2734375,0.070628465830239,0.070628465830239,0.077170461291231
ml100k,fmqa,26,0.078775994455641,als|factors=32;epochs=30;regularisation=0.001;alpha=1.0|frac=1.0,64,0,147.22415016881524,0.078775994455641,0.078775994455641,0.078775994455641
ml100k,grid,27,0.073827224517497,itemknn|topk=10;shrink=0.0|frac=1.0,99,0,146.93273918167347,0.073827224517497,0.073827224517497,0.073827224517497
ml100k,random,27,0.074800464349429,als|factors=128;epochs=15;regularisation=0.001;alpha=1.0|frac=1.0,52,5,146.2578125,0.066444940804344,0.074800464349429,0.074800464349429
ml100k,tpe,27,0.079068094664324,als|factors=32;epochs=15;regularisation=0.01;alpha=1.0|frac=1.0,77,240,147.79782331628886,0.076887166977308,0.07889310261079,0.079068094664324
ml100k,successive_halving,27,0.076887166977308,markov|order=1;smoothing=0.5;decay=false|frac=1.0,46,0,151.00665073997158,0.066208573956877,0.076887166977308,0.076887166977308
ml100k,hyperband,27,0.074058334296324,als|factors=128;epochs=15;regularisation=0.1;alpha=1.0|frac=1.0,46,0,152.875,0.07139672607283,0.07139672607283,0.074058334296324
ml100k,sm2,27,0.078775994455641,als|factors=32;epochs=30;regularisation=0.001;alpha=1.0|frac=1.0,59,0,150.36848958333331,0.078775994455641,0.078775994455641,0.078775994455641
ml100k,bocs,27,0.079068094664324,als|factors=32;epochs=15;regularisation=0.01;alpha=1.0|frac=1.0,35,0,144.43359375,0.068330400778009,0.069552013233104,0.079068094664324
ml100k,fmqa,27,0.078775994455641,als|factors=32;epochs=30;regularisation=0.001;alpha=1.0|frac=1.0,64,0,145.93191964285717,0.074281958945344,0.078775994455641,0.078775994455641
ml100k,grid,28,0.073827224517497,itemknn|topk=10;shrink=0.0|frac=1.0,99,0,146.90148918167347,0.073827224517497,0.073827224517497,0.073827224517497
ml100k,random,28,0.072130893278926,als|factors=16;epochs=15;regularisation=0.001;alpha=1.0|frac=1.0,28,0,148.0811011904762,0.062843281149695,0.072130893278926,0.072130893278926
ml100k,tpe,28,0.076887166977308,markov|order=1;smoothing=0.5;decay=false|frac=1.0,82,494,144.27164132631725,0.069934877014981,0.076887166977308,0.076887166977308
ml100k,successive_halving,28,0.079475733232263,als|factors=32;epochs=30;regularisation=0.1;alpha=1.0|frac=1.0,52,0,146.5282738095238,0.07889310261079,0.079475733232263,0.079475733232263
ml100k,hyperband,28,0.078916562402482,als|factors=32;epochs=15;regularisation=0.001;alpha=1.0|frac=1.0,49,0,147.27969124907713,0.07139672607283,0.071759479563012,0.078916562402482
ml100k,sm2,28,0.079031009902108,als|factors=64;epochs=5;regularisation=0.1;alpha=1.0|frac=1.0,58,0,151.1554487179487,0.077170461291231,0.079031009902108,0.079031009902108
ml100k,bocs,28,0.074800464349429,als|factors=128;epochs=15;regularisation=0.001;alpha=1.0|frac=1.0,43,0,146.36197916666666,0.071838450263929,0.071838450263929,0.074800464349429
ml100k,fmqa,28,0.076887166977308,markov|order=1;smoothing=0.5;decay=false|frac=1.0,53,0,146.40022696336285,0.058432599235333,0.074367503565843,0.076887166977308
ml100k,grid,29,0.073827224517497,itemknn|topk=10;shrink=0.0|frac=1.0,99,0,146.97961418167347,0.073827224517497,0.073827224517497,0.073827224517497
ml100k,random,29,0.078775994455641,als|factors=32;epochs=30;regularisation=0.001;alpha=1.0|frac=1.0,50,2,144.94791666666666,0.071405635939778,0.073276216141044,0.078775994455641
ml100k,tpe,29,0.079031009902108,als|factors=64;epochs=5;regularisation=0.1;alpha=1.0|frac=1.0,69,255,146.44445793167347,0.077551795194721,0.077551795194721,0.079031009902108
ml100k,successive_halving,29,0.077551795194721,als|factors=64;epochs=5;regularisation=0.01;alpha=1.0|frac=1.0,47,0,150.52380952380952,0.072202953637077,0.076769272305744,0.077551795194721
ml100k,hyperband,29,0.076887166977308,markov|order=1;smoothing=0.1;decay=false|frac=1.0,45,0,145.18038013676392,0.063636899302233,0.076887166977308,0.076887166977308
ml100k,sm2,29,0.074281958945344,als|factors=64;epochs=15;regularisation=0.001;alpha=1.0|frac=1.0,43,0,147.12630208333334,0.071679297159898,0.071679297159898,0.074281958945344
ml100k,bocs,29,0.074058334296324,als|factors=128;epochs=15;regularisation=0.1;alpha=1.0|frac=1.0,38,0,145.13151041666666,0.074058334296324,0.074058334296324,0.074058334296324
ml100k,fmqa,29,0.079031009902108,als|factors=64;epochs=5;regularisation=0.1;alpha=1.0|frac=1.0,55,0,145.15469124907713,0.078916562402482,0.079031009902108,0.079031009902108
