family,epochs,data_fraction,seed,param.factors,param.regularisation,param.alpha,train_cpu_seconds,train_wall_seconds,val_ndcg_at_10,val_recall_at_10,param.latent,param.hidden,param.dropout
als,5,0.25,0,16.0,0.001,1.0,0.09375,0.09515889999966021,0.09622690449194765,0.18485523385300667,,,
als,5,0.25,1,16.0,0.001,1.0,0.078125,0.0803769000012835,0.09167381464533896,0.18262806236080179,,,
als,15,0.25,0,16.0,0.001,1.0,0.25,0.24760349999996834,0.10152806527303522,0.19821826280623608,,,
als,15,0.25,1,16.0,0.001,1.0,0.234375,0.24100909999833675,0.10325791875854318,0.19821826280623608,,,
als,30,0.25,0,16.0,0.001,1.0,0.53125,0.5263158999987354,0.10420573463621066,0.2026726057906459,,,
als,30,0.25,1,16.0,0.001,1.0,0.484375,0.489613300000201,0.10412118076353784,0.2071269487750557,,,
als,5,0.5,0,16.0,0.001,1.0,0.078125,0.08414510000147857,0.1366615611190713,0.26948775055679286,,,
als,5,0.5,1,16.0,0.001,1.0,0.09375,0.08732310000050347,0.12941838735662714,0.22717149220489977,,,
als,15,0.5,0,16.0,0.001,1.0,0.265625,0.258815199998935,0.15100367815016383,0.2739420935412027,,,
als,15,0.5,1,16.0,0.001,1.0,0.25,0.2522304999984044,0.13141758616357926,0.2561247216035635,,,
als,30,0.5,0,16.0,0.001,1.0,0.515625,0.5154835000030289,0.1425874325975486,0.26280623608017817,,,
als,30,0.5,1,16.0,0.001,1.0,0.5625,0.5663055000004533,0.1393497228146335,0.26280623608017817,,,
als,5,1.0,0,16.0,0.001,1.0,0.09375,0.09035000000221771,0.15309308712642647,0.2962138084632517,,,
als,5,1.0,1,16.0,0.001,1.0,0.09375,0.08809240000118734,0.13128368223716405,0.25389755011135856,,,
als,15,1.0,0,16.0,0.001,1.0,0.265625,0.26573439999992843,0.15110012973559717,0.27839643652561247,,,
als,15,1.0,1,16.0,0.001,1.0,0.265625,0.2638248000002932,0.1453352406358159,0.27616926503340755,,,
als,30,1.0,0,16.0,0.001,1.0,0.671875,0.6858824999981152,0.1589841835355936,0.29398663697104677,,,
als,30,1.0,1,16.0,0.001,1.0,0.5625,0.5635690999988583,0.1524176390180771,0.2806236080178174,,,
als,5,0.25,0,16.0,0.001,10.0,0.078125,0.08566229999996722,0.09252359080794381,0.16703786191536749,,,
als,5,0.25,1,16.0,0.001,10.0,0.09375,0.0887473000002501,0.08796795097344096,0.1514476614699332,,,
als,15,0.25,0,16.0,0.001,10.0,0.265625,0.26891450000039185,0.11481964371811547,0.21380846325167038,,,
als,15,0.25,1,16.0,0.001,10.0,0.28125,0.2773105999986001,0.10745681095998849,0.19376391982182628,,,
als,30,0.25,0,16.0,0.001,10.0,0.5625,0.6033445000030042,0.11142030530203868,0.2026726057906459,,,
als,30,0.25,1,16.0,0.001,10.0,0.578125,0.5821317000009003,0.11090469474366006,0.1915367483296214,,,
als,5,0.5,0,16.0,0.001,10.0,0.09375,0.09156280000024708,0.1414233066561205,0.28507795100222716,,,
als,5,0.5,1,16.0,0.001,10.0,0.09375,0.09511600000041653,0.1272707832579212,0.2383073496659243,,,
als,15,0.5,0,16.0,0.001,10.0,0.296875,0.29373710000072606,0.1463793170783293,0.28507795100222716,,,
als,15,0.5,1,16.0,0.001,10.0,0.34375,0.34087580000050366,0.13485193254513922,0.26280623608017817,,,
als,30,0.5,0,16.0,0.001,10.0,0.515625,0.5148526999983005,0.14379107268798458,0.2828507795100223,,,
als,30,0.5,1,16.0,0.001,10.0,0.515625,0.5167050000018207,0.14495623829535564,0.27616926503340755,,,
als,5,1.0,0,16.0,0.001,10.0,0.09375,0.08802439999999478,0.1400913848395729,0.267260579064588,,,
als,5,1.0,1,16.0,0.001,10.0,0.078125,0.08688989999791374,0.13169134983253203,0.24944320712694878,,,
als,15,1.0,0,16.0,0.001,10.0,0.265625,0.25945730000239564,0.14685435340812536,0.2739420935412027,,,
als,15,1.0,1,16.0,0.001,10.0,0.265625,0.26186840000082157,0.14938628394568182,0.2828507795100223,,,
als,30,1.0,0,16.0,0.001,10.0,0.515625,0.5133359999999811,0.1558691213273045,0.29175946547884185,,,
als,30,1.0,1,16.0,0.001,10.0,0.546875,0.5508989000009024,0.15566076635452977,0.2873051224944321,,,
als,5,0.25,0,16.0,0.001,40.0,0.125,0.13108049999937066,0.0857537392567056,0.1603563474387528,,,
als,5,0.25,1,16.0,0.001,40.0,0.109375,0.09863309999855119,0.06765376817829305,0.12472160356347439,,,
als,15,0.25,0,16.0,0.001,40.0,0.296875,0.2961085999995703,0.10514100631513004,0.19599109131403117,,,
als,15,0.25,1,16.0,0.001,40.0,0.296875,0.29511030000139726,0.10135931572633747,0.17817371937639198,,,
als,30,0.25,0,16.0,0.001,40.0,0.484375,0.48120160000325995,0.10595295983312607,0.18485523385300667,,,
als,30,0.25,1,16.0,0.001,40.0,0.484375,0.48196090000055847,0.10440995467941272,0.18930957683741648,,,
als,5,0.5,0,16.0,0.001,40.0,0.078125,0.08268619999944349,0.13356237378203467,0.2583518930957684,,,
als,5,0.5,1,16.0,0.001,40.0,0.078125,0.08388490000288584,0.10455095724738087,0.20044543429844097,,,
als,15,0.5,0,16.0,0.001,40.0,0.25,0.2543251000024611,0.13765635608643623,0.267260579064588,,,
als,15,0.5,1,16.0,0.001,40.0,0.25,0.251497000001109,0.12681642520958292,0.24498886414253898,,,
als,30,0.5,0,16.0,0.001,40.0,0.5,0.5047529000003124,0.13480449377746231,0.26948775055679286,,,
als,30,0.5,1,16.0,0.001,40.0,0.515625,0.5187717000007979,0.1363883186846933,0.2516703786191537,,,
als,5,1.0,0,16.0,0.001,40.0,0.09375,0.08995559999675606,0.1278300366145383,0.25389755011135856,,,
als,5,1.0,1,16.0,0.001,40.0,0.09375,0.09194800000113901,0.11686989117037312,0.22048997772828507,,,
als,15,1.0,0,16.0,0.001,40.0,0.25,0.2579924000019673,0.1432530593070817,0.2828507795100223,,,
als,15,1.0,1,16.0,0.001,40.0,0.265625,0.2590578999988793,0.15059580444994575,0.2739420935412027,,,
als,30,1.0,0,16.0,0.001,40.0,0.515625,0.5099263000010978,0.144825239466863,0.2806236080178174,,,
als,30,1.0,1,16.0,0.001,40.0,0.53125,0.5274032999986957,0.14524993992128457,0.2806236080178174,,,
als,5,0.25,0,16.0,0.01,1.0,0.078125,0.07950589999745716,0.09653526256125408,0.1870824053452116,,,
als,5,0.25,1,16.0,0.01,1.0,0.078125,0.083383799999865,0.0926300093948194,0.18485523385300667,,,
als,15,0.25,0,16.0,0.01,1.0,0.234375,0.24325230000249576,0.0999692266250358,0.19376391982182628,,,
als,15,0.25,1,16.0,0.01,1.0,0.25,0.24373799999739276,0.10317270436891972,0.19821826280623608,,,
als,30,0.25,0,16.0,0.01,1.0,0.46875,0.48520099999950617,0.10213210570557514,0.19599109131403117,,,
als,30,0.25,1,16.0,0.01,1.0,0.46875,0.48723600000084843,0.10421643079899742,0.2071269487750557,,,
als,5,0.5,0,16.0,0.01,1.0,0.078125,0.08406860000104643,0.13626165874325877,0.267260579064588,,,
als,5,0.5,1,16.0,0.01,1.0,0.078125,0.08360150000225985,0.13012654109674746,0.22939866369710468,,,
als,15,0.5,0,16.0,0.01,1.0,0.25,0.2512569999998959,0.15050273093718552,0.2739420935412027,,,
als,15,0.5,1,16.0,0.01,1.0,0.25,0.25521419999859063,0.1329733311619745,0.26057906458797325,,,
als,30,0.5,0,16.0,0.01,1.0,0.515625,0.5072595000019646,0.14275581857703645,0.2650334075723831,,,
als,30,0.5,1,16.0,0.01,1.0,0.515625,0.5079569000008632,0.1410927705157304,0.26948775055679286,,,
als,5,1.0,0,16.0,0.01,1.0,0.078125,0.08620850000079372,0.15083880149478096,0.29398663697104677,,,
als,5,1.0,1,16.0,0.01,1.0,0.078125,0.08522679999805405,0.13170687977569268,0.2516703786191537,,,
als,15,1.0,0,16.0,0.01,1.0,0.265625,0.2548458000019309,0.15361341197868722,0.28507795100222716,,,
als,15,1.0,1,16.0,0.01,1.0,0.265625,0.2665753000001132,0.1465433248297091,0.2806236080178174,,,
als,30,1.0,0,16.0,0.01,1.0,0.5,0.5192497999996704,0.1572198658561229,0.2873051224944321,,,
als,30,1.0,1,16.0,0.01,1.0,0.53125,0.5251901999981783,0.15250073196884867,0.2806236080178174,,,
als,5,0.25,0,16.0,0.01,10.0,0.078125,0.0821353999999701,0.08882143450669307,0.1603563474387528,,,
als,5,0.25,1,16.0,0.01,10.0,0.078125,0.0828853999992134,0.0892330980237113,0.15812917594654788,,,
als,15,0.25,0,16.0,0.01,10.0,0.234375,0.23895720000291476,0.11379810899474431,0.21158129175946547,,,
als,15,0.25,1,16.0,0.01,10.0,0.234375,0.24130629999854136,0.10789683192038746,0.19599109131403117,,,
als,30,0.25,0,16.0,0.01,10.0,0.546875,0.53257400000075,0.11339576742234897,0.2026726057906459,,,
als,30,0.25,1,16.0,0.01,10.0,0.484375,0.4757595000010042,0.10843623638083097,0.18930957683741648,,,
als,5,0.5,0,16.0,0.01,10.0,0.078125,0.0834367999996175,0.13591453586904675,0.26280623608017817,,,
als,5,0.5,1,16.0,0.01,10.0,0.09375,0.09215310000217869,0.12606558978881222,0.24053452115812918,,,
als,15,0.5,0,16.0,0.01,10.0,0.25,0.2546412000010605,0.148143999507784,0.2806236080178174,,,
als,15,0.5,1,16.0,0.01,10.0,0.296875,0.3051382999983616,0.13346497502194166,0.25389755011135856,,,
als,30,0.5,0,16.0,0.01,10.0,0.59375,0.5987948000001779,0.14535220422138717,0.289532293986637,,,
als,30,0.5,1,16.0,0.01,10.0,0.65625,0.6597713000010117,0.14543811979769136,0.27839643652561247,,,
als,5,1.0,0,16.0,0.01,10.0,0.09375,0.08910310000283062,0.1378419939652341,0.26057906458797325,,,
als,5,1.0,1,16.0,0.01,10.0,0.109375,0.110080200000084,0.13078879255644554,0.24498886414253898,,,
als,15,1.0,0,16.0,0.01,10.0,0.296875,0.2997329999998328,0.14600836001661818,0.2806236080178174,,,
als,15,1.0,1,16.0,0.01,10.0,0.296875,0.320974499998556,0.14544964794717116,0.2739420935412027,,,
als,30,1.0,0,16.0,0.01,10.0,0.5625,0.5687471000019286,0.15157266694805452,0.29175946547884185,,,
als,30,1.0,1,16.0,0.01,10.0,0.53125,0.5303843000001507,0.153106613128651,0.2828507795100223,,,
als,5,0.25,0,16.0,0.01,40.0,0.09375,0.08629909999945085,0.08232216139450163,0.155902004454343,,,
als,5,0.25,1,16.0,0.01,40.0,0.078125,0.0852801000000909,0.0637690029559166,0.12249443207126949,,,
als,15,0.25,0,16.0,0.01,40.0,0.265625,0.26255509999828064,0.10444693681886148,0.19376391982182628,,,
als,15,0.25,1,16.0,0.01,40.0,0.265625,0.24927179999940563,0.09990193275053123,0.18262806236080179,,,
als,30,0.25,0,16.0,0.01,40.0,0.484375,0.495619400000578,0.11211064142719915,0.20489977728285078,,,
als,30,0.25,1,16.0,0.01,40.0,0.484375,0.487638299997343,0.10155895962012043,0.18262806236080179,,,
als,5,0.5,0,16.0,0.01,40.0,0.09375,0.08587400000033085,0.12475511331183957,0.2383073496659243,,,
als,5,0.5,1,16.0,0.01,40.0,0.078125,0.08562440000241622,0.1066853207874252,0.2026726057906459,,,
als,15,0.5,0,16.0,0.01,40.0,0.265625,0.26711010000144597,0.14023119183019417,0.26948775055679286,,,
als,15,0.5,1,16.0,0.01,40.0,0.265625,0.26440029999866965,0.12789000855520674,0.24498886414253898,,,
als,30,0.5,0,16.0,0.01,40.0,0.53125,0.5299425000011979,0.1336219545152809,0.26280623608017817,,,
als,30,0.5,1,16.0,0.01,40.0,0.5,0.5062572999995609,0.13381205482235503,0.2561247216035635,,,
als,5,1.0,0,16.0,0.01,40.0,0.078125,0.08552350000172737,0.1263866912382765,0.2516703786191537,,,
als,5,1.0,1,16.0,0.01,40.0,0.078125,0.08583659999931115,0.11636821182741441,0.2182628062360802,,,
als,15,1.0,0,16.0,0.01,40.0,0.28125,0.27860990000044694,0.14303790391183965,0.27616926503340755,,,
als,15,1.0,1,16.0,0.01,40.0,0.296875,0.2897009000007529,0.14071047600521566,0.26057906458797325,,,
als,30,1.0,0,16.0,0.01,40.0,0.5625,0.5614352999982657,0.145697266117746,0.29175946547884185,,,
als,30,1.0,1,16.0,0.01,40.0,0.546875,0.546017300002859,0.14125463029121832,0.2806236080178174,,,
als,5,0.25,0,16.0,0.1,1.0,0.078125,0.08279450000190991,0.09642236460940146,0.18485523385300667,,,
als,5,0.25,1,16.0,0.1,1.0,0.09375,0.09223009999914211,0.09143496407615423,0.18040089086859687,,,
als,15,0.25,0,16.0,0.1,1.0,0.25,0.2555699000004097,0.1013278725563759,0.19821826280623608,,,
als,15,0.25,1,16.0,0.1,1.0,0.25,0.25760640000225976,0.10544435697373869,0.20489977728285078,,,
als,30,0.25,0,16.0,0.1,1.0,0.671875,0.713585299999977,0.09952012067601046,0.19821826280623608,,,
als,30,0.25,1,16.0,0.1,1.0,0.609375,0.6123727000012877,0.10416627656857486,0.2071269487750557,,,
als,5,0.5,0,16.0,0.1,1.0,0.109375,0.11542330000156653,0.13709831162580288,0.2739420935412027,,,
als,5,0.5,1,16.0,0.1,1.0,0.109375,0.10047090000080061,0.12974510391876443,0.22717149220489977,,,
als,15,0.5,0,16.0,0.1,1.0,0.3125,0.3160749999988184,0.1504982210138023,0.2739420935412027,,,
als,15,0.5,1,16.0,0.1,1.0,0.34375,0.3990965999983018,0.13359711757310994,0.26057906458797325,,,
als,30,0.5,0,16.0,0.1,1.0,0.75,0.7460021000006236,0.14326874702096476,0.26280623608017817,,,
als,30,0.5,1,16.0,0.1,1.0,0.71875,0.7078763000026811,0.14102181599124766,0.26948775055679286,,,
als,5,1.0,0,16.0,0.1,1.0,0.109375,0.10792049999872688,0.14966605579023454,0.29398663697104677,,,
als,5,1.0,1,16.0,0.1,1.0,0.09375,0.10882169999968028,0.13229246825743737,0.2583518930957684,,,
als,15,1.0,0,16.0,0.1,1.0,0.359375,0.36262170000190963,0.15401585023438666,0.28507795100222716,,,
als,15,1.0,1,16.0,0.1,1.0,0.328125,0.32037189999755356,0.14767056312246205,0.2828507795100223,,,
als,30,1.0,0,16.0,0.1,1.0,0.734375,0.7299965000020165,0.15715189397605242,0.28507795100222716,,,
als,30,1.0,1,16.0,0.1,1.0,0.65625,0.6577270000016142,0.15181363819453528,0.27839643652561247,,,
als,5,0.25,0,16.0,0.1,10.0,0.09375,0.0948815999981889,0.0920528868566471,0.16703786191536749,,,
als,5,0.25,1,16.0,0.1,10.0,0.09375,0.09167139999772189,0.08719651464902502,0.15812917594654788,,,
als,15,0.25,0,16.0,0.1,10.0,0.296875,0.2902558999994653,0.11524631477740946,0.21380846325167038,,,
als,15,0.25,1,16.0,0.1,10.0,0.28125,0.27766650000194204,0.10783777136179495,0.19599109131403117,,,
als,30,0.25,0,16.0,0.1,10.0,0.546875,0.5522837999997137,0.1119948207053372,0.19821826280623608,,,
als,30,0.25,1,16.0,0.1,10.0,0.5625,0.560043700003007,0.10637730473271324,0.1915367483296214,,,
als,5,0.5,0,16.0,0.1,10.0,0.109375,0.0980466000000888,0.13595664762462156,0.2516703786191537,,,
als,5,0.5,1,16.0,0.1,10.0,0.09375,0.0951597999992373,0.12920472180433254,0.24498886414253898,,,
als,15,0.5,0,16.0,0.1,10.0,0.296875,0.3085566000008839,0.14954740217376386,0.2873051224944321,,,
als,15,0.5,1,16.0,0.1,10.0,0.296875,0.3083200000000943,0.14079871639935213,0.26280623608017817,,,
als,30,0.5,0,16.0,0.1,10.0,0.625,0.6292031000011775,0.14173987624777107,0.267260579064588,,,
als,30,0.5,1,16.0,0.1,10.0,0.625,0.6157103999976243,0.14745992145825979,0.28507795100222716,,,
als,5,1.0,0,16.0,0.1,10.0,0.109375,0.10668159999841009,0.14128956968134757,0.2650334075723831,,,
als,5,1.0,1,16.0,0.1,10.0,0.109375,0.10828350000156206,0.12911505732180253,0.24498886414253898,,,
als,15,1.0,0,16.0,0.1,10.0,0.296875,0.29884060000040336,0.15201265287684296,0.2828507795100223,,,
als,15,1.0,1,16.0,0.1,10.0,0.328125,0.322291899999982,0.1437732191265882,0.2717149220489978,,,
als,30,1.0,0,16.0,0.1,10.0,0.625,0.6261261000036029,0.1528770557430705,0.289532293986637,,,
als,30,1.0,1,16.0,0.1,10.0,0.625,0.6333114999979443,0.15029866244725437,0.27616926503340755,,,
als,5,0.25,0,16.0,0.1,40.0,0.09375,0.09796890000143321,0.08043972781063105,0.1603563474387528,,,
als,5,0.25,1,16.0,0.1,40.0,0.09375,0.0979683000005025,0.0633458078434385,0.12694877505567928,,,
als,15,0.25,0,16.0,0.1,40.0,0.296875,0.29972239999915473,0.10715198144507779,0.20044543429844097,,,
als,15,0.25,1,16.0,0.1,40.0,0.296875,0.30930349999835016,0.10371905286058444,0.1870824053452116,,,
als,30,0.25,0,16.0,0.1,40.0,0.59375,0.5956666999991285,0.10941891452075933,0.20044543429844097,,,
als,30,0.25,1,16.0,0.1,40.0,0.609375,0.597852499999135,0.10239064815593661,0.1870824053452116,,,
als,5,0.5,0,16.0,0.1,40.0,0.09375,0.09797469999830355,0.121277595622783,0.23608017817371937,,,
als,5,0.5,1,16.0,0.1,40.0,0.109375,0.10670029999891995,0.1177879711607826,0.23385300668151449,,,
als,15,0.5,0,16.0,0.1,40.0,0.328125,0.3216413999980432,0.13685279651775045,0.26057906458797325,,,
als,15,0.5,1,16.0,0.1,40.0,0.34375,0.3325039999981527,0.12853680129880268,0.24498886414253898,,,
als,30,0.5,0,16.0,0.1,40.0,0.640625,0.636995000000752,0.1329078421510344,0.2561247216035635,,,
als,30,0.5,1,16.0,0.1,40.0,0.640625,0.6325685000010708,0.13616584370642718,0.26057906458797325,,,
als,5,1.0,0,16.0,0.1,40.0,0.09375,0.10318890000053216,0.12888579829943994,0.24721603563474387,,,
als,5,1.0,1,16.0,0.1,40.0,0.109375,0.10468509999918751,0.12386464996744187,0.22939866369710468,,,
als,15,1.0,0,16.0,0.1,40.0,0.296875,0.3008129000008921,0.14982473512296837,0.2873051224944321,,,
als,15,1.0,1,16.0,0.1,40.0,0.34375,0.32563630000004196,0.14469976098076265,0.27616926503340755,,,
als,30,1.0,0,16.0,0.1,40.0,0.625,0.6327683999988949,0.1456690731013588,0.2806236080178174,,,
als,30,1.0,1,16.0,0.1,40.0,0.6875,0.6750649999994494,0.1433777962622004,0.2806236080178174,,,
als,5,0.25,0,32.0,0.001,1.0,0.140625,0.13599859999885666,0.07195467592682535,0.14253897550111358,,,
als,5,0.25,1,32.0,0.001,1.0,0.15625,0.1470231999992393,0.0729440958008599,0.14699331848552338,,,
als,15,0.25,0,32.0,0.001,1.0,0.421875,0.42490929999985383,0.09325754637667531,0.17817371937639198,,,
als,15,0.25,1,32.0,0.001,1.0,0.4375,0.4316022000020894,0.0943826196720716,0.16703786191536749,,,
als,30,0.25,0,32.0,0.001,1.0,0.984375,0.9731181999995897,0.09186490830929889,0.16926503340757237,,,
als,30,0.25,1,32.0,0.001,1.0,0.984375,0.9785379999993893,0.08806308457459414,0.16258351893095768,,,
als,5,0.5,0,32.0,0.001,1.0,0.171875,0.16534450000108336,0.11416042364637251,0.21158129175946547,,,
als,5,0.5,1,32.0,0.001,1.0,0.15625,0.16629029999967315,0.09871617543655445,0.19376391982182628,,,
als,15,0.5,0,32.0,0.001,1.0,0.421875,0.42215629999918747,0.1069436457611161,0.19599109131403117,,,
als,15,0.5,1,32.0,0.001,1.0,0.421875,0.41150890000062645,0.10406652046782815,0.19821826280623608,,,
als,30,0.5,0,32.0,0.001,1.0,0.8125,0.8204380999995919,0.11490189634232297,0.20489977728285078,,,
als,30,0.5,1,32.0,0.001,1.0,0.96875,0.9710583000014594,0.11588653869595174,0.22048997772828507,,,
als,5,1.0,0,32.0,0.001,1.0,0.15625,0.14514690000214614,0.1322038911575248,0.2383073496659243,,,
als,5,1.0,1,32.0,0.001,1.0,0.15625,0.1545920999997179,0.12397012304415242,0.2182628062360802,,,
als,15,1.0,0,32.0,0.001,1.0,0.453125,0.4538271999990684,0.12888612589347206,0.22494432071269488,,,
als,15,1.0,1,32.0,0.001,1.0,0.515625,0.5248492999999144,0.13373119716990792,0.22939866369710468,,,
als,30,1.0,0,32.0,0.001,1.0,1.078125,1.0832551999992575,0.1298773754809595,0.23162583518930957,,,
als,30,1.0,1,32.0,0.001,1.0,0.859375,0.864262899998721,0.12744825990442132,0.22271714922049,,,
als,5,0.25,0,32.0,0.001,10.0,0.125,0.12492850000126055,0.06999760695764473,0.1492204899777283,,,
als,5,0.25,1,32.0,0.001,10.0,0.125,0.12541500000224914,0.08083947336159938,0.16481069042316257,,,
als,15,0.25,0,32.0,0.001,10.0,0.359375,0.38727149999976973,0.08718725826488341,0.16926503340757237,,,
als,15,0.25,1,32.0,0.001,10.0,0.375,0.38997480000034557,0.08774744689051212,0.17817371937639198,,,
als,30,0.25,0,32.0,0.001,10.0,0.78125,0.7760828999998921,0.09512350096999816,0.18262806236080179,,,
als,30,0.25,1,32.0,0.001,10.0,0.765625,0.7625661000020045,0.09267380257796026,0.18040089086859687,,,
als,5,0.5,0,32.0,0.001,10.0,0.140625,0.13504119999925024,0.10059339069456602,0.20044543429844097,,,
als,5,0.5,1,32.0,0.001,10.0,0.140625,0.13134850000278675,0.10090342120198868,0.18485523385300667,,,
als,15,0.5,0,32.0,0.001,10.0,0.375,0.38182269999742857,0.10679447097809276,0.20489977728285078,,,
als,15,0.5,1,32.0,0.001,10.0,0.375,0.3860927999994601,0.10838924862825212,0.21380846325167038,,,
als,30,0.5,0,32.0,0.001,10.0,0.8125,0.8064479999993637,0.10333270879191833,0.19821826280623608,,,
als,30,0.5,1,32.0,0.001,10.0,0.953125,0.9485328999980993,0.10607258308607974,0.21380846325167038,,,
als,5,1.0,0,32.0,0.001,10.0,0.171875,0.17334810000102152,0.12800823121422594,0.2383073496659243,,,
als,5,1.0,1,32.0,0.001,10.0,0.171875,0.15950320000047213,0.11306788663404813,0.21158129175946547,,,
als,15,1.0,0,32.0,0.001,10.0,0.421875,0.4176498000015272,0.14108002117511695,0.24276169265033407,,,
als,15,1.0,1,32.0,0.001,10.0,0.40625,0.40804360000038287,0.12841816177069984,0.23385300668151449,,,
als,30,1.0,0,32.0,0.001,10.0,0.796875,0.8148927000002004,0.13452439554864723,0.24053452115812918,,,
als,30,1.0,1,32.0,0.001,10.0,0.84375,0.8409603999971296,0.1360124264468263,0.23385300668151449,,,
als,5,0.25,0,32.0,0.001,40.0,0.125,0.12996299999940675,0.06299983155799142,0.1291759465478842,,,
als,5,0.25,1,32.0,0.001,40.0,0.140625,0.1416748000010557,0.07049933448893338,0.1358574610244989,,,
als,15,0.25,0,32.0,0.001,40.0,0.375,0.3833301999984542,0.0851595918802504,0.155902004454343,,,
als,15,0.25,1,32.0,0.001,40.0,0.40625,0.4013809999996738,0.0858114692224264,0.17371937639198218,,,
als,30,0.25,0,32.0,0.001,40.0,0.8125,0.8178880000014033,0.09281586931192402,0.1714922048997773,,,
als,30,0.25,1,32.0,0.001,40.0,0.78125,0.7850622999976622,0.08895608446550432,0.17371937639198218,,,
als,5,0.5,0,32.0,0.001,40.0,0.140625,0.13589259999935166,0.09734521933554062,0.1915367483296214,,,
als,5,0.5,1,32.0,0.001,40.0,0.140625,0.13941519999934826,0.09140675388726646,0.17817371937639198,,,
als,15,0.5,0,32.0,0.001,40.0,0.40625,0.40116630000193254,0.09590258744860959,0.20044543429844097,,,
als,15,0.5,1,32.0,0.001,40.0,0.390625,0.39965890000166837,0.1021227462776972,0.19821826280623608,,,
als,30,0.5,0,32.0,0.001,40.0,0.796875,0.8060973999999987,0.10190167574154281,0.19821826280623608,,,
als,30,0.5,1,32.0,0.001,40.0,0.796875,0.7959594999992987,0.10169864973839465,0.20935412026726058,,,
als,5,1.0,0,32.0,0.001,40.0,0.140625,0.13430549999975483,0.11777846208916745,0.22494432071269488,,,
als,5,1.0,1,32.0,0.001,40.0,0.140625,0.13795440000103554,0.10533314085686121,0.2071269487750557,,,
als,15,1.0,0,32.0,0.001,40.0,0.390625,0.40396980000150506,0.12644355460930845,0.21603563474387527,,,
als,15,1.0,1,32.0,0.001,40.0,0.421875,0.41734680000081426,0.12284046403180286,0.22494432071269488,,,
als,30,1.0,0,32.0,0.001,40.0,0.828125,0.8234651999991911,0.13333925690641274,0.2383073496659243,,,
als,30,1.0,1,32.0,0.001,40.0,0.796875,0.7991312999984075,0.12449370503393002,0.23162583518930957,,,
als,5,0.25,0,32.0,0.01,1.0,0.125,0.13219019999814918,0.07075419850369917,0.13808463251670378,,,
als,5,0.25,1,32.0,0.01,1.0,0.125,0.12806060000002617,0.07423519039871515,0.1492204899777283,,,
als,15,0.25,0,32.0,0.01,1.0,0.390625,0.38429639999958454,0.09269959326882984,0.1759465478841871,,,
als,15,0.25,1,32.0,0.01,1.0,0.40625,0.40623580000101356,0.09397181961088527,0.16703786191536749,,,
als,30,0.25,0,32.0,0.01,1.0,0.8125,0.8135680000013963,0.09227668599260246,0.16926503340757237,,,
als,30,0.25,1,32.0,0.01,1.0,0.8125,0.8471724000009999,0.08813502964735438,0.16258351893095768,,,
als,5,0.5,0,32.0,0.01,1.0,0.15625,0.15519859999767505,0.11368027122766448,0.21158129175946547,,,
als,5,0.5,1,32.0,0.01,1.0,0.140625,0.14020410000011907,0.09788518311897024,0.1915367483296214,,,
als,15,0.5,0,32.0,0.01,1.0,0.40625,0.40551659999982803,0.10711030106490312,0.19599109131403117,,,
als,15,0.5,1,32.0,0.01,1.0,0.421875,0.42108590000134427,0.1030176336682253,0.19376391982182628,,,
als,30,0.5,0,32.0,0.01,1.0,0.875,0.860813600000256,0.1148564433398306,0.20489977728285078,,,
als,30,0.5,1,32.0,0.01,1.0,1.09375,1.0871016999990388,0.11595019377747581,0.22048997772828507,,,
als,5,1.0,0,32.0,0.01,1.0,0.171875,0.16386359999887645,0.1332786298517313,0.24053452115812918,,,
als,5,1.0,1,32.0,0.01,1.0,0.1875,0.1880020999997214,0.1228566697145065,0.21603563474387527,,,
als,15,1.0,0,32.0,0.01,1.0,0.546875,0.5604148999991594,0.1280739519918534,0.22494432071269488,,,
als,15,1.0,1,32.0,0.01,1.0,0.453125,0.4538783999996667,0.13342926967918037,0.23162583518930957,,,
als,30,1.0,0,32.0,0.01,1.0,1.0,1.0998116999980994,0.1278266788549484,0.22494432071269488,,,
als,30,1.0,1,32.0,0.01,1.0,0.921875,0.9450296000031813,0.12883083992069216,0.22271714922049,,,
als,5,0.25,0,32.0,0.01,10.0,0.140625,0.1440404999993916,0.07260205793345603,0.1514476614699332,,,
als,5,0.25,1,32.0,0.01,10.0,0.15625,0.20542070000010426,0.07630687719128787,0.155902004454343,,,
als,15,0.25,0,32.0,0.01,10.0,0.484375,0.49303799999688636,0.08600602678576447,0.16481069042316257,,,
als,15,0.25,1,32.0,0.01,10.0,0.484375,0.4826902000022528,0.0871586760016995,0.18262806236080179,,,
als,30,0.25,0,32.0,0.01,10.0,0.890625,0.8907098000017868,0.09359564565725063,0.17371937639198218,,,
als,30,0.25,1,32.0,0.01,10.0,0.84375,0.8411435999987589,0.08990936919335858,0.1714922048997773,,,
als,5,0.5,0,32.0,0.01,10.0,0.140625,0.13089279999985592,0.09261673176863086,0.19376391982182628,,,
als,5,0.5,1,32.0,0.01,10.0,0.140625,0.13235030000214465,0.0973619950915387,0.1870824053452116,,,
als,15,0.5,0,32.0,0.01,10.0,0.421875,0.4149747000010393,0.10382857177962825,0.19821826280623608,,,
als,15,0.5,1,32.0,0.01,10.0,0.390625,0.3878958000022976,0.10880697672777183,0.20489977728285078,,,
als,30,0.5,0,32.0,0.01,10.0,0.78125,0.7932655999975395,0.10699287685032517,0.20044543429844097,,,
als,30,0.5,1,32.0,0.01,10.0,0.734375,0.7273372000017844,0.10711056724960953,0.21603563474387527,,,
als,5,1.0,0,32.0,0.01,10.0,0.109375,0.11717139999745996,0.1264127731062734,0.23385300668151449,,,
als,5,1.0,1,32.0,0.01,10.0,0.125,0.1301411000022199,0.1112650078349768,0.2026726057906459,,,
als,15,1.0,0,32.0,0.01,10.0,0.359375,0.356517399999575,0.1374675939051231,0.23608017817371937,,,
als,15,1.0,1,32.0,0.01,10.0,0.359375,0.34920030000284896,0.1314391419296973,0.23608017817371937,,,
als,30,1.0,0,32.0,0.01,10.0,0.6875,0.7007892999972682,0.1327718633790385,0.2383073496659243,,,
als,30,1.0,1,32.0,0.01,10.0,0.703125,0.7054222000006121,0.13301454888604303,0.22717149220489977,,,
als,5,0.25,0,32.0,0.01,40.0,0.109375,0.10972029999902588,0.059747575307969585,0.13140311804008908,,,
als,5,0.25,1,32.0,0.01,40.0,0.09375,0.11038170000028913,0.06377749224914275,0.133630289532294,,,
als,15,0.25,0,32.0,0.01,40.0,0.328125,0.3320124999991094,0.08303215015664106,0.1603563474387528,,,
als,15,0.25,1,32.0,0.01,40.0,0.34375,0.33567910000056145,0.0823162628353778,0.17371937639198218,,,
als,30,0.25,0,32.0,0.01,40.0,0.78125,0.7867321999983687,0.09301127087991087,0.1759465478841871,,,
als,30,0.25,1,32.0,0.01,40.0,0.671875,0.69063129999995,0.09136814062630945,0.17817371937639198,,,
als,5,0.5,0,32.0,0.01,40.0,0.125,0.1307885999995051,0.0878955316361626,0.18485523385300667,,,
als,5,0.5,1,32.0,0.01,40.0,0.125,0.1135482999998203,0.08636648922099925,0.16926503340757237,,,
als,15,0.5,0,32.0,0.01,40.0,0.34375,0.33944399999745656,0.09474896771746907,0.1870824053452116,,,
als,15,0.5,1,32.0,0.01,40.0,0.34375,0.34520989999873564,0.10875652234663982,0.19821826280623608,,,
als,30,0.5,0,32.0,0.01,40.0,0.703125,0.701589200001763,0.10482880325782204,0.2026726057906459,,,
als,30,0.5,1,32.0,0.01,40.0,0.71875,0.7279530000014347,0.10278206905736995,0.19821826280623608,,,
als,5,1.0,0,32.0,0.01,40.0,0.125,0.11880139999993844,0.11201818208109895,0.21603563474387527,,,
als,5,1.0,1,32.0,0.01,40.0,0.125,0.13044390000140993,0.09997808722372455,0.2026726057906459,,,
als,15,1.0,0,32.0,0.01,40.0,0.40625,0.4058611000000383,0.12373101673010266,0.22494432071269488,,,
als,15,1.0,1,32.0,0.01,40.0,0.40625,0.4058048000006238,0.12046150550080084,0.2182628062360802,,,
als,30,1.0,0,32.0,0.01,40.0,0.828125,0.822552400000859,0.12834020058003512,0.22939866369710468,,,
als,30,1.0,1,32.0,0.01,40.0,0.84375,0.8554256999996142,0.13008666908196845,0.22717149220489977,,,
als,5,0.25,0,32.0,0.1,1.0,0.140625,0.1326307999988785,0.07018498750665532,0.1447661469933185,,,
als,5,0.25,1,32.0,0.1,1.0,0.140625,0.13614679999955115,0.07409654105310866,0.1492204899777283,,,
als,15,0.25,0,32.0,0.1,1.0,0.375,0.38172949999716366,0.0930166531147249,0.1759465478841871,,,
als,15,0.25,1,32.0,0.1,1.0,0.390625,0.38664970000172616,0.09418661441124154,0.16703786191536749,,,
als,30,0.25,0,32.0,0.1,1.0,0.765625,0.7733526999982132,0.09244243329492152,0.16926503340757237,,,
als,30,0.25,1,32.0,0.1,1.0,0.796875,0.8097082000022056,0.08822399494632187,0.16258351893095768,,,
als,5,0.5,0,32.0,0.1,1.0,0.140625,0.1254006000017398,0.11426388964523221,0.21380846325167038,,,
als,5,0.5,1,32.0,0.1,1.0,0.109375,0.11428159999923082,0.09764790125804429,0.19376391982182628,,,
als,15,0.5,0,32.0,0.1,1.0,0.34375,0.3452729000018735,0.10724679424175629,0.19599109131403117,,,
als,15,0.5,1,32.0,0.1,1.0,0.328125,0.33585060000041267,0.10359746253883086,0.19599109131403117,,,
als,30,0.5,0,32.0,0.1,1.0,0.6875,0.6902644000001601,0.11557647033470314,0.2071269487750557,,,
als,30,0.5,1,32.0,0.1,1.0,0.703125,0.7211486000014702,0.11634018406549276,0.22048997772828507,,,
als,5,1.0,0,32.0,0.1,1.0,0.125,0.11485080000056769,0.13558554051269123,0.24498886414253898,,,
als,5,1.0,1,32.0,0.1,1.0,0.125,0.11605240000062622,0.12324061706091854,0.2182628062360802,,,
als,15,1.0,0,32.0,0.1,1.0,0.359375,0.3593060000021069,0.1309780192382809,0.23385300668151449,,,
als,15,1.0,1,32.0,0.1,1.0,0.34375,0.3476260999996157,0.1337633852627238,0.22939866369710468,,,
als,30,1.0,0,32.0,0.1,1.0,0.71875,0.7299278999998933,0.1287660244711006,0.22939866369710468,,,
als,30,1.0,1,32.0,0.1,1.0,0.734375,0.7265713000015239,0.13045002423805618,0.22717149220489977,,,
als,5,0.25,0,32.0,0.1,10.0,0.109375,0.11360879999847384,0.07446280783983429,0.1603563474387528,,,
als,5,0.25,1,32.0,0.1,10.0,0.109375,0.10900089999995544,0.07641095068723382,0.15367483296213807,,,
als,15,0.25,0,32.0,0.1,10.0,0.34375,0.3413328000024194,0.0866878208720734,0.16703786191536749,,,
als,15,0.25,1,32.0,0.1,10.0,0.34375,0.35094519999984186,0.08806955550408752,0.18485523385300667,,,
als,30,0.25,0,32.0,0.1,10.0,0.65625,0.6518040999981167,0.09360329281855545,0.17371937639198218,,,
als,30,0.25,1,32.0,0.1,10.0,0.65625,0.6677461999970546,0.09244138367995754,0.18262806236080179,,,
als,5,0.5,0,32.0,0.1,10.0,0.125,0.11556150000251364,0.09514402553855897,0.1870824053452116,,,
als,5,0.5,1,32.0,0.1,10.0,0.109375,0.11593490000086604,0.10228011136651582,0.19376391982182628,,,
als,15,0.5,0,32.0,0.1,10.0,0.34375,0.3482566000020597,0.10274473214651636,0.20044543429844097,,,
als,15,0.5,1,32.0,0.1,10.0,0.34375,0.3503286000013759,0.1103362787262569,0.2071269487750557,,,
als,30,0.5,0,32.0,0.1,10.0,0.6875,0.6845474999972794,0.10728154891048543,0.2026726057906459,,,
als,30,0.5,1,32.0,0.1,10.0,0.671875,0.6791678000008687,0.1051285267628881,0.2071269487750557,,,
als,5,1.0,0,32.0,0.1,10.0,0.125,0.1258653000004415,0.13009329685312843,0.24498886414253898,,,
als,5,1.0,1,32.0,0.1,10.0,0.125,0.11914059999980964,0.1149159234389407,0.20489977728285078,,,
als,15,1.0,0,32.0,0.1,10.0,0.34375,0.348551300001418,0.13745496859079215,0.2383073496659243,,,
als,15,1.0,1,32.0,0.1,10.0,0.359375,0.3541245999986131,0.1356457256819439,0.23608017817371937,,,
als,30,1.0,0,32.0,0.1,10.0,0.71875,0.7188827000027231,0.13492064298755557,0.24276169265033407,,,
als,30,1.0,1,32.0,0.1,10.0,0.875,0.8791672999977891,0.13305501206279857,0.22939866369710468,,,
als,5,0.25,0,32.0,0.1,40.0,0.125,0.13030000000071595,0.060535611986553405,0.13140311804008908,,,
als,5,0.25,1,32.0,0.1,40.0,0.140625,0.1294125000022177,0.058556828376833195,0.12472160356347439,,,
als,15,0.25,0,32.0,0.1,40.0,0.421875,0.4217140000000654,0.081811808666856,0.16926503340757237,,,
als,15,0.25,1,32.0,0.1,40.0,0.34375,0.34321429999909014,0.08453536694056629,0.18262806236080179,,,
als,30,0.25,0,32.0,0.1,40.0,0.6875,0.6939394000000902,0.09273881140447707,0.17371937639198218,,,
als,30,0.25,1,32.0,0.1,40.0,0.875,0.9219589999993332,0.09667090728935729,0.18930957683741648,,,
als,5,0.5,0,32.0,0.1,40.0,0.125,0.13978649999990012,0.08578162463340212,0.18485523385300667,,,
als,5,0.5,1,32.0,0.1,40.0,0.15625,0.14720909999959986,0.08845326618490759,0.17371937639198218,,,
als,15,0.5,0,32.0,0.1,40.0,0.421875,0.412260500001139,0.09024341556647886,0.18485523385300667,,,
als,15,0.5,1,32.0,0.1,40.0,0.5625,0.5654944999987492,0.10728394432685222,0.1915367483296214,,,
als,30,0.5,0,32.0,0.1,40.0,0.921875,0.9325596000016958,0.10222607398888872,0.19376391982182628,,,
als,30,0.5,1,32.0,0.1,40.0,0.796875,0.8005000999983167,0.10428253123021712,0.19599109131403117,,,
als,5,1.0,0,32.0,0.1,40.0,0.140625,0.13651580000077956,0.11069136293964173,0.22494432071269488,,,
als,5,1.0,1,32.0,0.1,40.0,0.125,0.13371560000086902,0.09511728272656292,0.1915367483296214,,,
als,15,1.0,0,32.0,0.1,40.0,0.421875,0.40822640000260435,0.12578428983900367,0.23162583518930957,,,
als,15,1.0,1,32.0,0.1,40.0,0.421875,0.4175816999995732,0.12682018002664366,0.22939866369710468,,,
als,30,1.0,0,32.0,0.1,40.0,0.828125,0.8300022000003082,0.13292107351265645,0.24498886414253898,,,
als,30,1.0,1,32.0,0.1,40.0,0.8125,0.8123180999973556,0.1306026864750003,0.22939866369710468,,,
als,5,0.25,0,64.0,0.001,1.0,0.234375,0.23487759999989066,0.0405555402077346,0.0801781737193764,,,
als,5,0.25,1,64.0,0.001,1.0,0.234375,0.23869790000026114,0.049363808275594626,0.1091314031180401,,,
als,15,0.25,0,64.0,0.001,1.0,0.71875,0.7203337999999349,0.04353172839840991,0.08685968819599109,,,
als,15,0.25,1,64.0,0.001,1.0,0.71875,0.7199293999983638,0.04895813618884053,0.09799554565701558,,,
als,30,0.25,0,64.0,0.001,1.0,1.484375,1.491130800000974,0.04525149286894607,0.09131403118040089,,,
als,30,0.25,1,64.0,0.001,1.0,1.5,1.4896807999975863,0.04650040411868707,0.0935412026726058,,,
als,5,0.5,0,64.0,0.001,1.0,0.234375,0.2342493000032846,0.0565530169596229,0.11804008908685969,,,
als,5,0.5,1,64.0,0.001,1.0,0.234375,0.23074610000185203,0.043391737811038625,0.09131403118040089,,,
als,15,0.5,0,64.0,0.001,1.0,0.765625,0.7824682999998913,0.05425280132109185,0.11804008908685969,,,
als,15,0.5,1,64.0,0.001,1.0,0.890625,0.9677701000000525,0.048182808845232725,0.10022271714922049,,,
als,30,0.5,0,64.0,0.001,1.0,1.6875,1.7119652000001224,0.05556511574560417,0.12694877505567928,,,
als,30,0.5,1,64.0,0.001,1.0,1.71875,1.7988621999975294,0.049943393618377185,0.10467706013363029,,,
als,5,1.0,0,64.0,0.001,1.0,0.28125,0.2717838999997184,0.07192292834476531,0.15367483296213807,,,
als,5,1.0,1,64.0,0.001,1.0,0.265625,0.2589244000009785,0.0737817500591706,0.1447661469933185,,,
als,15,1.0,0,64.0,0.001,1.0,0.78125,0.7941168999968795,0.06760450247958688,0.14253897550111358,,,
als,15,1.0,1,64.0,0.001,1.0,0.84375,0.840852299999824,0.07448710480060625,0.1492204899777283,,,
als,30,1.0,0,64.0,0.001,1.0,1.46875,1.4636998000023596,0.07057324367192035,0.1492204899777283,,,
als,30,1.0,1,64.0,0.001,1.0,1.421875,1.4468001000022923,0.06925552089009106,0.1403118040089087,,,
als,5,0.25,0,64.0,0.001,10.0,0.25,0.24931740000101854,0.052827625586160096,0.10690423162583519,,,
als,5,0.25,1,64.0,0.001,10.0,0.25,0.2523758999996062,0.050298836194241976,0.0957683741648107,,,
als,15,0.25,0,64.0,0.001,10.0,0.734375,0.7370612000013352,0.06122632002598246,0.11358574610244988,,,
als,15,0.25,1,64.0,0.001,10.0,0.71875,0.7170250000017404,0.06183148829028988,0.11581291759465479,,,
als,30,0.25,0,64.0,0.001,10.0,1.46875,1.4753858000003675,0.06384541869374867,0.12026726057906459,,,
als,30,0.25,1,64.0,0.001,10.0,1.484375,1.480685700000322,0.06609979329250606,0.12249443207126949,,,
als,5,0.5,0,64.0,0.001,10.0,0.234375,0.23331680000046617,0.06689802233243422,0.13808463251670378,,,
als,5,0.5,1,64.0,0.001,10.0,0.234375,0.23369560000355705,0.060074050555050246,0.12026726057906459,,,
als,15,0.5,0,64.0,0.001,10.0,0.703125,0.7051954999988084,0.07105836865651062,0.15367483296213807,,,
als,15,0.5,1,64.0,0.001,10.0,0.71875,0.7108454000008351,0.06183506982194115,0.133630289532294,,,
als,30,0.5,0,64.0,0.001,10.0,1.375,1.3820799000022816,0.06808072499410332,0.14699331848552338,,,
als,30,0.5,1,64.0,0.001,10.0,1.40625,1.396154399997613,0.06283209162726937,0.13140311804008908,,,
als,5,1.0,0,64.0,0.001,10.0,0.234375,0.24539050000021234,0.08068719218048045,0.16926503340757237,,,
als,5,1.0,1,64.0,0.001,10.0,0.234375,0.23140280000006896,0.0874434291749975,0.1759465478841871,,,
als,15,1.0,0,64.0,0.001,10.0,0.703125,0.7094510000024457,0.08336217033132876,0.1759465478841871,,,
als,15,1.0,1,64.0,0.001,10.0,0.734375,0.7340188999987731,0.08099898047587942,0.15812917594654788,,,
als,30,1.0,0,64.0,0.001,10.0,1.609375,1.6134947999998985,0.0861607703034718,0.1759465478841871,,,
als,30,1.0,1,64.0,0.001,10.0,1.5,1.495194499999343,0.07894499514884681,0.1492204899777283,,,
als,5,0.25,0,64.0,0.001,40.0,0.234375,0.2383882000031008,0.05698929196137707,0.11581291759465479,,,
als,5,0.25,1,64.0,0.001,40.0,0.25,0.2457821000025433,0.05140231464028512,0.10022271714922049,,,
als,15,0.25,0,64.0,0.001,40.0,0.75,0.7697131999993871,0.05857410153361078,0.10467706013363029,,,
als,15,0.25,1,64.0,0.001,40.0,0.734375,0.75828520000141,0.06174665235835043,0.11581291759465479,,,
als,30,0.25,0,64.0,0.001,40.0,1.515625,1.5406810999993468,0.06659485560443988,0.1291759465478842,,,
als,30,0.25,1,64.0,0.001,40.0,1.59375,1.6152012999991712,0.06595161266565774,0.12026726057906459,,,
als,5,0.5,0,64.0,0.001,40.0,0.25,0.2551041999977315,0.06849644486931596,0.1403118040089087,,,
als,5,0.5,1,64.0,0.001,40.0,0.234375,0.23027139999976498,0.058489920348006604,0.12249443207126949,,,
als,15,0.5,0,64.0,0.001,40.0,0.6875,0.7009982999989006,0.06694215699790128,0.14253897550111358,,,
als,15,0.5,1,64.0,0.001,40.0,0.703125,0.7120927999967535,0.06390458657803304,0.1403118040089087,,,
als,30,0.5,0,64.0,0.001,40.0,1.421875,1.4282916000011028,0.06734752268942255,0.14253897550111358,,,
als,30,0.5,1,64.0,0.001,40.0,1.40625,1.4074115000003076,0.06622412434661802,0.14699331848552338,,,
als,5,1.0,0,64.0,0.001,40.0,0.25,0.24555619999955525,0.07423244126967744,0.1492204899777283,,,
als,5,1.0,1,64.0,0.001,40.0,0.25,0.24165829999765265,0.08916197470835982,0.16703786191536749,,,
als,15,1.0,0,64.0,0.001,40.0,0.71875,0.7197821999980079,0.08478220604720753,0.1759465478841871,,,
als,15,1.0,1,64.0,0.001,40.0,0.703125,0.7277416000033554,0.08759192756239376,0.17371937639198218,,,
als,30,1.0,0,64.0,0.001,40.0,1.421875,1.4352500999993936,0.08692565916084208,0.16926503340757237,,,
als,30,1.0,1,64.0,0.001,40.0,1.640625,1.669935499998246,0.08460463862823828,0.16258351893095768,,,
als,5,0.25,0,64.0,0.01,1.0,0.28125,0.3160891999978048,0.0414152312546802,0.08240534521158129,,,
als,5,0.25,1,64.0,0.01,1.0,0.25,0.24984350000158884,0.04810586344239351,0.10467706013363029,,,
als,15,0.25,0,64.0,0.01,1.0,0.703125,0.7083886000000348,0.043868966240975825,0.08908685968819599,,,
als,15,0.25,1,64.0,0.01,1.0,0.703125,0.7086056999978609,0.04859561228702029,0.09799554565701558,,,
als,30,0.25,0,64.0,0.01,1.0,1.421875,1.4283419999992475,0.0440434912218624,0.08685968819599109,,,
als,30,0.25,1,64.0,0.01,1.0,1.46875,1.4660422000015387,0.04803729472900999,0.09799554565701558,,,
als,5,0.5,0,64.0,0.01,1.0,0.21875,0.2271815999993123,0.055222424874973995,0.11804008908685969,,,
als,5,0.5,1,64.0,0.01,1.0,0.234375,0.24171410000053584,0.044617917378964936,0.09131403118040089,,,
als,15,0.5,0,64.0,0.01,1.0,0.734375,0.7327498000013293,0.051164336614980266,0.1091314031180401,,,
als,15,0.5,1,64.0,0.01,1.0,0.703125,0.7234817999997176,0.049561142838457826,0.10467706013363029,,,
als,30,0.5,0,64.0,0.01,1.0,1.4375,1.4701539000016055,0.052088249992276466,0.11581291759465479,,,
als,30,0.5,1,64.0,0.01,1.0,1.21875,1.221687799999927,0.04996218865769331,0.10467706013363029,,,
als,5,1.0,0,64.0,0.01,1.0,0.21875,0.2232088000018848,0.06941082542985107,0.1492204899777283,,,
als,5,1.0,1,64.0,0.01,1.0,0.21875,0.21420620000208146,0.07302459478294332,0.14253897550111358,,,
als,15,1.0,0,64.0,0.01,1.0,0.625,0.6278894000024593,0.06763295941406107,0.14253897550111358,,,
als,15,1.0,1,64.0,0.01,1.0,0.640625,0.6273828000012145,0.07367595633801292,0.14699331848552338,,,
als,30,1.0,0,64.0,0.01,1.0,1.28125,1.2726619999994,0.07000040125582875,0.14699331848552338,,,
als,30,1.0,1,64.0,0.01,1.0,1.25,1.2482329999984358,0.06940705819691637,0.13808463251670378,,,
als,5,0.25,0,64.0,0.01,10.0,0.21875,0.21700090000013006,0.05218229357462523,0.1091314031180401,,,
als,5,0.25,1,64.0,0.01,10.0,0.25,0.2683361999988847,0.04853355224590612,0.09799554565701558,,,
als,15,0.25,0,64.0,0.01,10.0,0.796875,0.7991786999991746,0.05906763186607299,0.11581291759465479,,,
als,15,0.25,1,64.0,0.01,10.0,0.78125,0.768767100002151,0.06334920250565228,0.12026726057906459,,,
als,30,0.25,0,64.0,0.01,10.0,1.5,1.503525800002535,0.06623171405187793,0.1291759465478842,,,
als,30,0.25,1,64.0,0.01,10.0,1.578125,1.5830184999977064,0.06176255955309322,0.12026726057906459,,,
als,5,0.5,0,64.0,0.01,10.0,0.25,0.2548501999990549,0.06632454861825929,0.1403118040089087,,,
als,5,0.5,1,64.0,0.01,10.0,0.25,0.24602650000088033,0.05597101858587576,0.111358574610245,,,
als,15,0.5,0,64.0,0.01,10.0,0.765625,0.7692091999997501,0.06991500792097835,0.1514476614699332,,,
als,15,0.5,1,64.0,0.01,10.0,1.03125,1.0991721999998845,0.059171421835207655,0.12472160356347439,,,
als,30,0.5,0,64.0,0.01,10.0,1.8125,1.8458471999983885,0.06913360159205628,0.1514476614699332,,,
als,30,0.5,1,64.0,0.01,10.0,1.703125,1.7062425000003714,0.061181958865401315,0.1291759465478842,,,
als,5,1.0,0,64.0,0.01,10.0,0.25,0.2558030999971379,0.07480275233429212,0.15367483296213807,,,
als,5,1.0,1,64.0,0.01,10.0,0.25,0.2589580999992904,0.07791392843987494,0.155902004454343,,,
als,15,1.0,0,64.0,0.01,10.0,0.765625,0.7628302999983134,0.08156493813931881,0.16703786191536749,,,
als,15,1.0,1,64.0,0.01,10.0,0.75,0.7399306999977853,0.07863712630996732,0.15812917594654788,,,
als,30,1.0,0,64.0,0.01,10.0,1.609375,1.6056683999995585,0.08404076045702719,0.17371937639198218,,,
als,30,1.0,1,64.0,0.01,10.0,1.578125,1.6031928000011249,0.0798454758362436,0.15367483296213807,,,
als,5,0.25,0,64.0,0.01,40.0,0.328125,0.3263833999990311,0.049917521564543176,0.10244988864142539,,,
als,5,0.25,1,64.0,0.01,40.0,0.28125,0.28964750000159256,0.05027471365028699,0.10244988864142539,,,
als,15,0.25,0,64.0,0.01,40.0,0.875,0.889672099998279,0.05764966427234809,0.11581291759465479,,,
als,15,0.25,1,64.0,0.01,40.0,0.96875,1.0344619999996212,0.059384402863962876,0.11581291759465479,,,
als,30,0.25,0,64.0,0.01,40.0,1.609375,1.614733200000046,0.06653140680636191,0.1291759465478842,,,
als,30,0.25,1,64.0,0.01,40.0,1.8125,1.8226114999997662,0.06719130281306623,0.12694877505567928,,,
als,5,0.5,0,64.0,0.01,40.0,0.265625,0.2615427999990061,0.06431795905154795,0.133630289532294,,,
als,5,0.5,1,64.0,0.01,40.0,0.265625,0.2685170000004291,0.05299173786575949,0.10467706013363029,,,
als,15,0.5,0,64.0,0.01,40.0,0.75,0.7597085000015795,0.06313605801003924,0.1358574610244989,,,
als,15,0.5,1,64.0,0.01,40.0,0.84375,0.8399312000001373,0.060151185937384305,0.1291759465478842,,,
als,30,0.5,0,64.0,0.01,40.0,1.59375,1.6527081999993243,0.0678867192557784,0.14699331848552338,,,
als,30,0.5,1,64.0,0.01,40.0,1.4375,1.455991200000426,0.061581174502091066,0.133630289532294,,,
als,5,1.0,0,64.0,0.01,40.0,0.25,0.2463069000004907,0.0723224057378117,0.1447661469933185,,,
als,5,1.0,1,64.0,0.01,40.0,0.265625,0.26529260000097565,0.08061895951923771,0.1492204899777283,,,
als,15,1.0,0,64.0,0.01,40.0,0.75,0.7496327000008023,0.08052463760956009,0.16481069042316257,,,
als,15,1.0,1,64.0,0.01,40.0,0.71875,0.7208157999994,0.07837326558562364,0.15812917594654788,,,
als,30,1.0,0,64.0,0.01,40.0,1.515625,1.517198699999426,0.08081216372864429,0.1603563474387528,,,
als,30,1.0,1,64.0,0.01,40.0,1.578125,1.5782717000001867,0.08037292027983724,0.1603563474387528,,,
als,5,0.25,0,64.0,0.1,1.0,0.265625,0.2638005000007979,0.041595284384070196,0.08240534521158129,,,
als,5,0.25,1,64.0,0.1,1.0,0.28125,0.2906947000010405,0.05005066808961921,0.1091314031180401,,,
als,15,0.25,0,64.0,0.1,1.0,0.9375,0.9933760000021721,0.045670253079881935,0.09131403118040089,,,
als,15,0.25,1,64.0,0.1,1.0,0.828125,0.8265563999993901,0.050012031472579384,0.10022271714922049,,,
als,30,0.25,0,64.0,0.1,1.0,1.859375,1.9432469999992463,0.048040300011140756,0.0957683741648107,,,
als,30,0.25,1,64.0,0.1,1.0,1.828125,1.8623219000000972,0.04872977091673343,0.0957683741648107,,,
als,5,0.5,0,64.0,0.1,1.0,0.25,0.2472659000013664,0.057251464096104494,0.11804008908685969,,,
als,5,0.5,1,64.0,0.1,1.0,0.234375,0.22588489999907324,0.04550166764179005,0.0935412026726058,,,
als,15,0.5,0,64.0,0.1,1.0,0.859375,0.8585554999990563,0.050878894778796056,0.1091314031180401,,,
als,15,0.5,1,64.0,0.1,1.0,0.96875,0.963836300001276,0.05092463693241807,0.1091314031180401,,,
als,30,0.5,0,64.0,0.1,1.0,2.0625,2.0674164999982168,0.05180136663152105,0.11358574610244988,,,
als,30,0.5,1,64.0,0.1,1.0,1.609375,1.6306874000001699,0.05216579981564553,0.111358574610245,,,
als,5,1.0,0,64.0,0.1,1.0,0.21875,0.22834210000291932,0.07019851251594592,0.1514476614699332,,,
als,5,1.0,1,64.0,0.1,1.0,0.28125,0.2809238000008918,0.07590694551468838,0.1492204899777283,,,
als,15,1.0,0,64.0,0.1,1.0,0.71875,0.7290126999978384,0.06854724546607305,0.14253897550111358,,,
als,15,1.0,1,64.0,0.1,1.0,0.734375,0.73431349999737,0.07357419190596577,0.14699331848552338,,,
als,30,1.0,0,64.0,0.1,1.0,1.453125,1.4580058999999892,0.06977724259724671,0.14699331848552338,,,
als,30,1.0,1,64.0,0.1,1.0,1.4375,1.4448421000015514,0.06938321421132389,0.1403118040089087,,,
als,5,0.25,0,64.0,0.1,10.0,0.234375,0.23866540000017267,0.05183432942163417,0.1091314031180401,,,
als,5,0.25,1,64.0,0.1,10.0,0.234375,0.23241390000112006,0.04853754652304558,0.09799554565701558,,,
als,15,0.25,0,64.0,0.1,10.0,0.671875,0.6842156999991857,0.05888061831450097,0.11804008908685969,,,
als,15,0.25,1,64.0,0.1,10.0,0.671875,0.6915001000015764,0.06312351454833212,0.12249443207126949,,,
als,30,0.25,0,64.0,0.1,10.0,1.40625,1.4163311999982398,0.06797788652540186,0.133630289532294,,,
als,30,0.25,1,64.0,0.1,10.0,1.40625,1.4002583000001323,0.06215834464281639,0.12026726057906459,,,
als,5,0.5,0,64.0,0.1,10.0,0.234375,0.22543489999952726,0.06584118583357096,0.1358574610244989,,,
als,5,0.5,1,64.0,0.1,10.0,0.21875,0.22847539999929722,0.055505372706292314,0.10690423162583519,,,
als,15,0.5,0,64.0,0.1,10.0,0.6875,0.694437400001334,0.06878364184202634,0.1492204899777283,,,
als,15,0.5,1,64.0,0.1,10.0,0.734375,0.7273473999994167,0.05754322009712774,0.12249443207126949,,,
als,30,0.5,0,64.0,0.1,10.0,1.46875,1.4803105999999389,0.06938453599963268,0.15367483296213807,,,
als,30,0.5,1,64.0,0.1,10.0,1.5,1.5270342999974673,0.06098518963983285,0.1291759465478842,,,
als,5,1.0,0,64.0,0.1,10.0,0.25,0.24653609999950277,0.07389519378715587,0.1514476614699332,,,
als,5,1.0,1,64.0,0.1,10.0,0.234375,0.2454202000008081,0.07745262705061311,0.15367483296213807,,,
als,15,1.0,0,64.0,0.1,10.0,0.84375,0.8419472999994468,0.08176755412284852,0.1714922048997773,,,
als,15,1.0,1,64.0,0.1,10.0,0.796875,0.8092928000005486,0.081252297514525,0.16258351893095768,,,
als,30,1.0,0,64.0,0.1,10.0,1.515625,1.5189798999999766,0.0820984191823229,0.1714922048997773,,,
als,30,1.0,1,64.0,0.1,10.0,1.515625,1.5256324000001769,0.07796156302275926,0.1492204899777283,,,
als,5,0.25,0,64.0,0.1,40.0,0.265625,0.2596689000019978,0.04575141039655873,0.0935412026726058,,,
als,5,0.25,1,64.0,0.1,40.0,0.25,0.2509457999985898,0.04484245344125876,0.08908685968819599,,,
als,15,0.25,0,64.0,0.1,40.0,0.8125,0.8182517999994161,0.057394929318229745,0.12026726057906459,,,
als,15,0.25,1,64.0,0.1,40.0,0.890625,0.9245540000010806,0.05841351593144724,0.12026726057906459,,,
als,30,0.25,0,64.0,0.1,40.0,1.328125,1.3216347999987192,0.0674536398495141,0.1291759465478842,,,
als,30,0.25,1,64.0,0.1,40.0,1.21875,1.2205082000000402,0.06393424239696965,0.12694877505567928,,,
als,5,0.5,0,64.0,0.1,40.0,0.1875,0.1968425999984902,0.06392189789688293,0.1403118040089087,,,
als,5,0.5,1,64.0,0.1,40.0,0.203125,0.20367569999871193,0.049531093144529165,0.0957683741648107,,,
als,15,0.5,0,64.0,0.1,40.0,0.59375,0.5978882999988855,0.06328494480613861,0.133630289532294,,,
als,15,0.5,1,64.0,0.1,40.0,0.609375,0.6021760999974504,0.05817254187067177,0.12249443207126949,,,
als,30,0.5,0,64.0,0.1,40.0,1.1875,1.1972055999976874,0.06623970790771129,0.13808463251670378,,,
als,30,0.5,1,64.0,0.1,40.0,1.203125,1.2069507999985944,0.06061218061953098,0.1291759465478842,,,
als,5,1.0,0,64.0,0.1,40.0,0.203125,0.20316150000144262,0.07014325018413556,0.1447661469933185,,,
als,5,1.0,1,64.0,0.1,40.0,0.203125,0.2046412000017881,0.07402255562520826,0.1403118040089087,,,
als,15,1.0,0,64.0,0.1,40.0,0.609375,0.6123289999995905,0.08126937818209153,0.16481069042316257,,,
als,15,1.0,1,64.0,0.1,40.0,0.625,0.6172508000017842,0.07538406494311342,0.15812917594654788,,,
als,30,1.0,0,64.0,0.1,40.0,1.21875,1.2302691000004415,0.08148159076731898,0.16481069042316257,,,
als,30,1.0,1,64.0,0.1,40.0,1.28125,1.2829624999976659,0.0799620792074199,0.15812917594654788,,,
als,5,0.25,0,128.0,0.001,1.0,0.59375,0.5864146999992954,0.04590030041799783,0.08908685968819599,,,
als,5,0.25,1,128.0,0.001,1.0,0.578125,0.584483700000419,0.04650711067296393,0.08240534521158129,,,
als,15,0.25,0,128.0,0.001,1.0,1.765625,1.7632267000008142,0.037117756639192555,0.08685968819599109,,,
als,15,0.25,1,128.0,0.001,1.0,1.71875,1.7439478999986022,0.046621411119292994,0.08463251670378619,,,
als,30,0.25,0,128.0,0.001,1.0,3.484375,3.495090899999923,0.0334273926903953,0.0757238307349666,,,
als,30,0.25,1,128.0,0.001,1.0,3.46875,3.4804617000008875,0.03710069375724351,0.07349665924276169,,,
als,5,0.5,0,128.0,0.001,1.0,0.546875,0.539301599997998,0.017905350756073486,0.035634743875278395,,,
als,5,0.5,1,128.0,0.001,1.0,0.546875,0.5501643000025069,0.016639350912925555,0.035634743875278395,,,
als,15,0.5,0,128.0,0.001,1.0,1.640625,1.6375914999989618,0.02011102573598622,0.0378619153674833,,,
als,15,0.5,1,128.0,0.001,1.0,1.640625,1.6532153000007384,0.02092179284293513,0.044543429844097995,,,
als,30,0.5,0,128.0,0.001,1.0,3.234375,3.247806199997285,0.022838433864731625,0.044543429844097995,,,
als,30,0.5,1,128.0,0.001,1.0,3.265625,3.2628144999980577,0.02123090171837066,0.042316258351893093,,,
als,5,1.0,0,128.0,0.001,1.0,0.546875,0.5611462999986543,0.026948145484959257,0.062360801781737196,,,
als,5,1.0,1,128.0,0.001,1.0,0.578125,0.5700546999978542,0.023238442945542764,0.051224944320712694,,,
als,15,1.0,0,128.0,0.001,1.0,1.765625,1.7657900999984122,0.028727716601966848,0.053452115812917596,,,
als,15,1.0,1,128.0,0.001,1.0,1.78125,1.7685695000000123,0.026231407423557267,0.053452115812917596,,,
als,30,1.0,0,128.0,0.001,1.0,3.546875,3.5647535999996762,0.02587387510039345,0.053452115812917596,,,
als,30,1.0,1,128.0,0.001,1.0,3.921875,3.923035700001492,0.02611540298436514,0.051224944320712694,,,
als,5,0.25,0,128.0,0.001,10.0,0.671875,0.6811202000026242,0.07655070819727124,0.13140311804008908,,,
als,5,0.25,1,128.0,0.001,10.0,0.75,0.7398104999992938,0.06167238212262903,0.10467706013363029,,,
als,15,0.25,0,128.0,0.001,10.0,2.21875,2.2484344000004057,0.058263362353705765,0.1091314031180401,,,
als,15,0.25,1,128.0,0.001,10.0,2.171875,2.190541399999347,0.05376790889455745,0.09799554565701558,,,
als,30,0.25,0,128.0,0.001,10.0,4.421875,4.419034400001692,0.05312276622325573,0.1091314031180401,,,
als,30,0.25,1,128.0,0.001,10.0,4.265625,4.28007609999986,0.04747985421141844,0.0935412026726058,,,
als,5,0.5,0,128.0,0.001,10.0,0.71875,0.7499491999988095,0.0329065174609184,0.060133630289532294,,,
als,5,0.5,1,128.0,0.001,10.0,0.671875,0.6716708999992989,0.033020368717742596,0.0779510022271715,,,
als,15,0.5,0,128.0,0.001,10.0,2.0,2.0003251999987697,0.024777576305303625,0.051224944320712694,,,
als,15,0.5,1,128.0,0.001,10.0,2.015625,2.0057200999981433,0.02350252618568122,0.051224944320712694,,,
als,30,0.5,0,128.0,0.001,10.0,4.015625,4.034738100002869,0.024590159665948613,0.053452115812917596,,,
als,30,0.5,1,128.0,0.001,10.0,4.046875,4.110060499999236,0.019129859789839027,0.0378619153674833,,,
als,5,1.0,0,128.0,0.001,10.0,0.640625,0.6554946000032942,0.032033040251269275,0.066815144766147,,,
als,5,1.0,1,128.0,0.001,10.0,0.65625,0.6566705999975966,0.023125889814075866,0.04899777282850779,,,
als,15,1.0,0,128.0,0.001,10.0,1.984375,1.9712975000002189,0.025415519556081265,0.04899777282850779,,,
als,15,1.0,1,128.0,0.001,10.0,2.03125,2.038181699997949,0.025274905185422,0.051224944320712694,,,
als,30,1.0,0,128.0,0.001,10.0,4.109375,4.115361700001813,0.02316851810642567,0.04899777282850779,,,
als,30,1.0,1,128.0,0.001,10.0,4.15625,4.205324499998824,0.02544357890256237,0.053452115812917596,,,
als,5,0.25,0,128.0,0.001,40.0,0.703125,0.6975799000028928,0.0807359655062871,0.1403118040089087,,,
als,5,0.25,1,128.0,0.001,40.0,0.703125,0.7013654000002134,0.07420274548899763,0.1291759465478842,,,
als,15,0.25,0,128.0,0.001,40.0,2.03125,2.0233093999995617,0.07658005877500751,0.13808463251670378,,,
als,15,0.25,1,128.0,0.001,40.0,2.0625,2.0629810000027646,0.06786908334314327,0.11804008908685969,,,
als,30,0.25,0,128.0,0.001,40.0,4.75,4.891222700000071,0.06900832186386893,0.1358574610244989,,,
als,30,0.25,1,128.0,0.001,40.0,4.390625,4.407123500001035,0.0653582131447054,0.11804008908685969,,,
als,5,0.5,0,128.0,0.001,40.0,0.640625,0.6460499999993772,0.04877549041581455,0.09131403118040089,,,
als,5,0.5,1,128.0,0.001,40.0,0.625,0.6340490000002319,0.04829578952249089,0.10022271714922049,,,
als,15,0.5,0,128.0,0.001,40.0,1.875,1.8965224999992643,0.04267767183165467,0.09131403118040089,,,
als,15,0.5,1,128.0,0.001,40.0,1.90625,1.8976990000010119,0.04119794385087205,0.09799554565701558,,,
als,30,0.5,0,128.0,0.001,40.0,3.78125,3.7818989000006695,0.03474564711836797,0.07349665924276169,,,
als,30,0.5,1,128.0,0.001,40.0,3.75,3.751731699998345,0.02771353283571215,0.060133630289532294,,,
als,5,1.0,0,128.0,0.001,40.0,0.65625,0.649587199997768,0.04540702922501405,0.0957683741648107,,,
als,5,1.0,1,128.0,0.001,40.0,0.640625,0.6413250000005064,0.029720089314215856,0.066815144766147,,,
als,15,1.0,0,128.0,0.001,40.0,1.921875,1.9323956000007456,0.03300720186604303,0.0757238307349666,,,
als,15,1.0,1,128.0,0.001,40.0,1.96875,1.9558041999989655,0.02701372309582186,0.05790645879732739,,,
als,30,1.0,0,128.0,0.001,40.0,3.859375,3.8584154000018316,0.02409280139487224,0.051224944320712694,,,
als,30,1.0,1,128.0,0.001,40.0,4.328125,4.473842999999761,0.023490196454845395,0.051224944320712694,,,
als,5,0.25,0,128.0,0.01,1.0,0.921875,0.937675199998921,0.051762017190588885,0.10690423162583519,,,
als,5,0.25,1,128.0,0.01,1.0,0.953125,1.032417099999293,0.04315813706021141,0.0935412026726058,,,
als,15,0.25,0,128.0,0.01,1.0,2.34375,2.3799056000025303,0.04310834920653417,0.10022271714922049,,,
als,15,0.25,1,128.0,0.01,1.0,1.984375,1.996671000000788,0.04155875643974956,0.08908685968819599,,,
als,30,0.25,0,128.0,0.01,1.0,3.984375,4.02790079999977,0.04576229162136724,0.10690423162583519,,,
als,30,0.25,1,128.0,0.01,1.0,4.3125,4.362021599998116,0.043177583859477446,0.0957683741648107,,,
als,5,0.5,0,128.0,0.01,1.0,0.8125,0.8315333999998984,0.018449736237690886,0.0378619153674833,,,
als,5,0.5,1,128.0,0.01,1.0,0.84375,0.841891799998848,0.016639350912925555,0.0378619153674833,,,
als,15,0.5,0,128.0,0.01,1.0,2.421875,2.4649135999970895,0.020055224099213034,0.0378619153674833,,,
als,15,0.5,1,128.0,0.01,1.0,2.09375,2.098431400001573,0.02101084068871216,0.044543429844097995,,,
als,30,0.5,0,128.0,0.01,1.0,4.3125,4.32058379999944,0.022838433864731625,0.044543429844097995,,,
als,30,0.5,1,128.0,0.01,1.0,3.796875,3.81641049999962,0.02190134714301204,0.044543429844097995,,,
als,5,1.0,0,128.0,0.01,1.0,0.640625,0.6471433999977307,0.025663409490585692,0.05790645879732739,,,
als,5,1.0,1,128.0,0.01,1.0,0.640625,0.6474512999993749,0.022567997520901384,0.04899777282850779,,,
als,15,1.0,0,128.0,0.01,1.0,1.984375,1.9783258999996178,0.028549530811074524,0.0556792873051225,,,
als,15,1.0,1,128.0,0.01,1.0,1.96875,1.9683711999969091,0.026263556379284993,0.053452115812917596,,,
als,30,1.0,0,128.0,0.01,1.0,4.25,4.309873300000618,0.02577627209184367,0.053452115812917596,,,
als,30,1.0,1,128.0,0.01,1.0,3.921875,3.936837799999921,0.026687254852179255,0.053452115812917596,,,
als,5,0.25,0,128.0,0.01,10.0,0.71875,0.72510229999898,0.06801174754805188,0.1291759465478842,,,
als,5,0.25,1,128.0,0.01,10.0,0.71875,0.7163887999995495,0.04739555298442925,0.08685968819599109,,,
als,15,0.25,0,128.0,0.01,10.0,2.1875,2.193588300000556,0.051862743257450404,0.10467706013363029,,,
als,15,0.25,1,128.0,0.01,10.0,2.09375,2.096059999999852,0.046618851081216994,0.08685968819599109,,,
als,30,0.25,0,128.0,0.01,10.0,4.8125,4.980124999998225,0.031246758527798606,0.07349665924276169,,,
als,30,0.25,1,128.0,0.01,10.0,4.90625,4.987741000000824,0.02896508548849168,0.062360801781737196,,,
als,5,0.5,0,128.0,0.01,10.0,0.65625,0.6570218999986537,0.03622388575767127,0.07126948775055679,,,
als,5,0.5,1,128.0,0.01,10.0,0.65625,0.6569452000003366,0.04843013945675104,0.10244988864142539,,,
als,15,0.5,0,128.0,0.01,10.0,1.9375,1.9356856999984302,0.021336358171671333,0.044543429844097995,,,
als,15,0.5,1,128.0,0.01,10.0,1.921875,1.9265519000000495,0.02030644335772577,0.042316258351893093,,,
als,30,0.5,0,128.0,0.01,10.0,3.859375,3.8634111000028497,0.023727026790386983,0.051224944320712694,,,
als,30,0.5,1,128.0,0.01,10.0,4.546875,4.551372699999774,0.019177318047075443,0.0400890868596882,,,
als,5,1.0,0,128.0,0.01,10.0,0.6875,0.6831566000000748,0.02789670407271465,0.0645879732739421,,,
als,5,1.0,1,128.0,0.01,10.0,0.65625,0.653515799996967,0.030416570333041553,0.06904231625835189,,,
als,15,1.0,0,128.0,0.01,10.0,1.953125,1.9493638999992982,0.02567497361498931,0.051224944320712694,,,
als,15,1.0,1,128.0,0.01,10.0,1.96875,1.9668621000018902,0.024473153446450173,0.044543429844097995,,,
als,30,1.0,0,128.0,0.01,10.0,4.1875,4.224368099999992,0.02234952567819065,0.0467706013363029,,,
als,30,1.0,1,128.0,0.01,10.0,3.90625,3.9091742999989947,0.024249494973665752,0.04899777282850779,,,
als,5,0.25,0,128.0,0.01,40.0,0.6875,0.6775514999972074,0.07307063142745733,0.1403118040089087,,,
als,5,0.25,1,128.0,0.01,40.0,0.6875,0.6864017000007152,0.06866348672964516,0.12694877505567928,,,
als,15,0.25,0,128.0,0.01,40.0,2.140625,2.1532050000023446,0.0623375730990877,0.12472160356347439,,,
als,15,0.25,1,128.0,0.01,40.0,2.015625,2.019495900000038,0.05959049871219846,0.10690423162583519,,,
als,30,0.25,0,128.0,0.01,40.0,4.046875,4.065838599999552,0.04305950109784091,0.08463251670378619,,,
als,30,0.25,1,128.0,0.01,40.0,4.1875,4.189850700000534,0.045457386291831645,0.08463251670378619,,,
als,5,0.5,0,128.0,0.01,40.0,0.671875,0.6625582000015129,0.056332055659621155,0.10467706013363029,,,
als,5,0.5,1,128.0,0.01,40.0,0.640625,0.629966799999238,0.07820241396759142,0.14699331848552338,,,
als,15,0.5,0,128.0,0.01,40.0,1.90625,1.9104469000012614,0.03569836493601928,0.07126948775055679,,,
als,15,0.5,1,128.0,0.01,40.0,1.90625,1.9196319000002404,0.04366803497121675,0.08908685968819599,,,
als,30,0.5,0,128.0,0.01,40.0,3.78125,3.80350560000079,0.022514088934083742,0.04899777282850779,,,
als,30,0.5,1,128.0,0.01,40.0,3.84375,3.8408605999975407,0.023773229327809325,0.053452115812917596,,,
als,5,1.0,0,128.0,0.01,40.0,0.65625,0.6666168999981892,0.05607814612242786,0.12249443207126949,,,
als,5,1.0,1,128.0,0.01,40.0,0.640625,0.6487459999989369,0.04924678441168574,0.111358574610245,,,
als,15,1.0,0,128.0,0.01,40.0,1.96875,1.9738838999983273,0.02842319496395516,0.0645879732739421,,,
als,15,1.0,1,128.0,0.01,40.0,1.96875,1.9821580999996513,0.02915309139088145,0.060133630289532294,,,
als,30,1.0,0,128.0,0.01,40.0,3.890625,3.8980092000019795,0.02329926061898066,0.04899777282850779,,,
als,30,1.0,1,128.0,0.01,40.0,3.921875,3.9170814999997674,0.02329507503729421,0.042316258351893093,,,
als,5,0.25,0,128.0,0.1,1.0,0.671875,0.671129700000165,0.06192890538708913,0.13808463251670378,,,
als,5,0.25,1,128.0,0.1,1.0,0.65625,0.6614273999985016,0.06219666809563254,0.1358574610244989,,,
als,15,0.25,0,128.0,0.1,1.0,2.03125,2.0246818000014173,0.08413998800311936,0.1870824053452116,,,
als,15,0.25,1,128.0,0.1,1.0,2.015625,2.0311417000011716,0.08959102907185387,0.20044543429844097,,,
als,30,0.25,0,128.0,0.1,1.0,4.03125,4.032011099996453,0.08152642071844243,0.1759465478841871,,,
als,30,0.25,1,128.0,0.1,1.0,3.96875,4.004490999999689,0.0854085376236944,0.1870824053452116,,,
als,5,0.5,0,128.0,0.1,1.0,0.640625,0.6273961000006238,0.024623479741942032,0.04899777282850779,,,
als,5,0.5,1,128.0,0.1,1.0,0.609375,0.6343156000002637,0.022992298433189243,0.053452115812917596,,,
als,15,0.5,0,128.0,0.1,1.0,1.90625,1.911058999998204,0.03510420657962373,0.07349665924276169,,,
als,15,0.5,1,128.0,0.1,1.0,1.9375,1.9377775000029942,0.032677229047597796,0.07349665924276169,,,
als,30,0.5,0,128.0,0.1,1.0,3.8125,3.8139694000019517,0.03871443704012797,0.08240534521158129,,,
als,30,0.5,1,128.0,0.1,1.0,3.828125,3.8440852999992785,0.037739755360679486,0.08463251670378619,,,
als,5,1.0,0,128.0,0.1,1.0,0.671875,0.66366890000063,0.030053018798594483,0.07126948775055679,,,
als,5,1.0,1,128.0,0.1,1.0,0.671875,0.6666810999995505,0.023787666317887184,0.053452115812917596,,,
als,15,1.0,0,128.0,0.1,1.0,1.984375,1.9951784999975644,0.030026664644572983,0.060133630289532294,,,
als,15,1.0,1,128.0,0.1,1.0,1.984375,1.9733792999977595,0.02874553057211468,0.060133630289532294,,,
als,30,1.0,0,128.0,0.1,1.0,4.765625,4.8669766999992135,0.031075720944981684,0.0645879732739421,,,
als,30,1.0,1,128.0,0.1,1.0,4.15625,4.156460700000025,0.03134446456184691,0.06904231625835189,,,
als,5,0.25,0,128.0,0.1,10.0,0.765625,0.7629419000004418,0.07306334146360785,0.133630289532294,,,
als,5,0.25,1,128.0,0.1,10.0,0.78125,0.7903673000000708,0.06327252334920323,0.12249443207126949,,,
als,15,0.25,0,128.0,0.1,10.0,2.28125,2.3059749999993073,0.060341123549329724,0.11804008908685969,,,
als,15,0.25,1,128.0,0.1,10.0,2.359375,2.3583197000007203,0.05841876033936698,0.11358574610244988,,,
als,30,0.25,0,128.0,0.1,10.0,4.0625,4.053690799999458,0.06675155162421642,0.1358574610244989,,,
als,30,0.25,1,128.0,0.1,10.0,4.03125,4.026266300003044,0.062015611259355743,0.133630289532294,,,
als,5,0.5,0,128.0,0.1,10.0,0.671875,0.6653198999993037,0.049730536949768755,0.09799554565701558,,,
als,5,0.5,1,128.0,0.1,10.0,0.640625,0.6457337000028929,0.05189227468924459,0.10467706013363029,,,
als,15,0.5,0,128.0,0.1,10.0,2.09375,2.1030799000000115,0.022652218936196847,0.0467706013363029,,,
als,15,0.5,1,128.0,0.1,10.0,2.09375,2.1261945000005653,0.02188307669678062,0.051224944320712694,,,
als,30,0.5,0,128.0,0.1,10.0,3.96875,4.00707390000025,0.024421655449614096,0.051224944320712694,,,
als,30,0.5,1,128.0,0.1,10.0,4.484375,4.5153740999994625,0.02217974363659181,0.04899777282850779,,,
als,5,1.0,0,128.0,0.1,10.0,0.8125,0.8839842000015778,0.03483156872580318,0.0757238307349666,,,
als,5,1.0,1,128.0,0.1,10.0,0.828125,0.8138479000008374,0.0432135867500477,0.08685968819599109,,,
als,15,1.0,0,128.0,0.1,10.0,2.515625,2.555782999999792,0.02961691401975463,0.05790645879732739,,,
als,15,1.0,1,128.0,0.1,10.0,2.5,2.5814767999981996,0.02760363482622796,0.0556792873051225,,,
als,30,1.0,0,128.0,0.1,10.0,5.40625,5.528988500002015,0.024562798731300933,0.053452115812917596,,,
als,30,1.0,1,128.0,0.1,10.0,4.484375,4.4768274999987625,0.02642866840420139,0.0556792873051225,,,
als,5,0.25,0,128.0,0.1,40.0,0.703125,0.7022646999976132,0.07624280572109346,0.14699331848552338,,,
als,5,0.25,1,128.0,0.1,40.0,0.75,0.7438713999981701,0.07373624131674675,0.13808463251670378,,,
als,15,0.25,0,128.0,0.1,40.0,2.234375,2.226019099998666,0.06851481103871576,0.1358574610244989,,,
als,15,0.25,1,128.0,0.1,40.0,2.578125,2.631143599999632,0.05710795980276727,0.111358574610245,,,
als,30,0.25,0,128.0,0.1,40.0,4.75,4.818410200001381,0.046772749907666125,0.10022271714922049,,,
als,30,0.25,1,128.0,0.1,40.0,4.984375,5.103627600001346,0.04529994542556267,0.0935412026726058,,,
als,5,0.5,0,128.0,0.1,40.0,0.734375,0.7444030000006023,0.06300876375846572,0.12026726057906459,,,
als,5,0.5,1,128.0,0.1,40.0,0.765625,0.7665713999995205,0.08618815201662766,0.16481069042316257,,,
als,15,0.5,0,128.0,0.1,40.0,2.25,2.2494903999977396,0.03973655179762325,0.08463251670378619,,,
als,15,0.5,1,128.0,0.1,40.0,2.234375,2.2498903999985487,0.03909239795941276,0.0779510022271715,,,
als,30,0.5,0,128.0,0.1,40.0,4.125,4.1222701000006055,0.02341015847725555,0.04899777282850779,,,
als,30,0.5,1,128.0,0.1,40.0,4.046875,4.109728399998858,0.024046852779208133,0.051224944320712694,,,
als,5,1.0,0,128.0,0.1,40.0,0.671875,0.6681925000011688,0.06150907662153932,0.11804008908685969,,,
als,5,1.0,1,128.0,0.1,40.0,0.640625,0.6453165999992052,0.074625620930467,0.1514476614699332,,,
als,15,1.0,0,128.0,0.1,40.0,1.9375,1.9495378999999957,0.028850139714578164,0.0645879732739421,,,
als,15,1.0,1,128.0,0.1,40.0,2.265625,2.261459000001196,0.028162050691486605,0.062360801781737196,,,
als,30,1.0,0,128.0,0.1,40.0,4.53125,4.578658599999471,0.02351368354280174,0.04899777282850779,,,
als,30,1.0,1,128.0,0.1,40.0,4.46875,4.510705599997891,0.023842283675785364,0.0467706013363029,,,
multvae,10,0.25,0,,,,0.15625,0.15633290000187117,0.08543616186985739,0.18930957683741648,32.0,200.0,0.0
multvae,10,0.25,1,,,,0.15625,0.1509661000018241,0.09967056110287133,0.22494432071269488,32.0,200.0,0.0
multvae,20,0.25,0,,,,0.3125,0.2997858000017004,0.0973854736615925,0.22494432071269488,32.0,200.0,0.0
multvae,20,0.25,1,,,,0.296875,0.2992013000002771,0.09642037696356878,0.20935412026726058,32.0,200.0,0.0
multvae,10,0.5,0,,,,0.15625,0.14856009999857633,0.10646628553541562,0.22717149220489977,32.0,200.0,0.0
multvae,10,0.5,1,,,,0.15625,0.14911810000194237,0.1006679491240984,0.22271714922049,32.0,200.0,0.0
multvae,20,0.5,0,,,,0.296875,0.29980369999975665,0.13018757430559497,0.27839643652561247,32.0,200.0,0.0
multvae,20,0.5,1,,,,0.296875,0.2966923999993014,0.1432658109937479,0.3028953229398664,32.0,200.0,0.0
multvae,10,1.0,0,,,,0.15625,0.1519284999994852,0.09447053021265832,0.1870824053452116,32.0,200.0,0.0
multvae,10,1.0,1,,,,0.140625,0.14777500000127475,0.0913867625653174,0.1870824053452116,32.0,200.0,0.0
multvae,20,1.0,0,,,,0.296875,0.2967237999982899,0.17539873724963478,0.37193763919821826,32.0,200.0,0.0
multvae,20,1.0,1,,,,0.28125,0.292557199998555,0.16085904907392132,0.34966592427616927,32.0,200.0,0.0
multvae,10,0.25,0,,,,0.15625,0.1633070999996562,0.09547269034149264,0.21158129175946547,32.0,200.0,0.5
multvae,10,0.25,1,,,,0.15625,0.16439019999961602,0.09118161278850884,0.20044543429844097,32.0,200.0,0.5
multvae,20,0.25,0,,,,0.34375,0.3482981999986805,0.10152134022320376,0.22717149220489977,32.0,200.0,0.5
multvae,20,0.25,1,,,,0.328125,0.32918339999741875,0.09063513713172495,0.20489977728285078,32.0,200.0,0.5
multvae,10,0.5,0,,,,0.15625,0.16415100000085658,0.09972162685341547,0.22048997772828507,32.0,200.0,0.5
multvae,10,0.5,1,,,,0.15625,0.16191869999966002,0.09565252288166835,0.20489977728285078,32.0,200.0,0.5
multvae,20,0.5,0,,,,0.328125,0.3281678000021202,0.11172889518872406,0.24721603563474387,32.0,200.0,0.5
multvae,20,0.5,1,,,,0.359375,0.36019700000179,0.10949322986363884,0.23162583518930957,32.0,200.0,0.5
multvae,10,1.0,0,,,,0.1875,0.18209879999994882,0.09056563083543223,0.1870824053452116,32.0,200.0,0.5
multvae,10,1.0,1,,,,0.171875,0.17692019999958575,0.08581757858690098,0.17371937639198218,32.0,200.0,0.5
multvae,20,1.0,0,,,,0.328125,0.3262241999982507,0.13662034863983477,0.2717149220489978,32.0,200.0,0.5
multvae,20,1.0,1,,,,0.3125,0.31966389999797684,0.15449099752583872,0.3207126948775056,32.0,200.0,0.5
multvae,10,0.25,0,,,,0.234375,0.24409109999760403,0.105105639040586,0.22271714922049,32.0,600.0,0.0
multvae,10,0.25,1,,,,0.25,0.23977880000165896,0.11876928366830805,0.24498886414253898,32.0,600.0,0.0
multvae,20,0.25,0,,,,0.515625,0.5063216999988072,0.10178551681513205,0.18930957683741648,32.0,600.0,0.0
multvae,20,0.25,1,,,,0.5,0.4978263999983028,0.11301736005518045,0.22271714922049,32.0,600.0,0.0
multvae,10,0.5,0,,,,0.25,0.25441979999959585,0.1432981638096882,0.29175946547884185,32.0,600.0,0.0
multvae,10,0.5,1,,,,0.265625,0.26051619999998366,0.14183560248833463,0.2828507795100223,32.0,600.0,0.0
multvae,20,0.5,0,,,,0.5,0.5026434999999765,0.17060337537947784,0.3207126948775056,32.0,600.0,0.0
multvae,20,0.5,1,,,,0.5,0.49795419999645674,0.1686381663995676,0.34075723830734966,32.0,600.0,0.0
multvae,10,1.0,0,,,,0.25,0.2506712000031257,0.16411248294082068,0.34966592427616927,32.0,600.0,0.0
multvae,10,1.0,1,,,,0.25,0.2529651000004378,0.16983285736218398,0.3585746102449889,32.0,600.0,0.0
multvae,20,1.0,0,,,,0.5,0.5095328000024892,0.1782097025534069,0.36302895322939865,32.0,600.0,0.0
multvae,20,1.0,1,,,,0.515625,0.5088144000001193,0.16943692199689434,0.3518930957683742,32.0,600.0,0.0
multvae,10,0.25,0,,,,0.28125,0.2840552999987267,0.09855557349504881,0.22271714922049,32.0,600.0,0.5
multvae,10,0.25,1,,,,0.265625,0.2684597000006761,0.10087477655880189,0.2182628062360802,32.0,600.0,0.5
multvae,20,0.25,0,,,,0.546875,0.5519526999996742,0.10324855754636282,0.21380846325167038,32.0,600.0,0.5
multvae,20,0.25,1,,,,0.53125,0.5300064999973984,0.1170354463268116,0.25389755011135856,32.0,600.0,0.5
multvae,10,0.5,0,,,,0.265625,0.25998449999678996,0.12185394876521252,0.26057906458797325,32.0,600.0,0.5
multvae,10,0.5,1,,,,0.265625,0.2651469000011275,0.12179005376576109,0.267260579064588,32.0,600.0,0.5
multvae,20,0.5,0,,,,0.578125,0.5717397000007622,0.17754479551106037,0.34521158129175944,32.0,600.0,0.5
multvae,20,0.5,1,,,,0.5625,0.5561479999996664,0.17455731422855647,0.36525612472160357,32.0,600.0,0.5
multvae,10,1.0,0,,,,0.34375,0.3323889999992389,0.13584565457544656,0.2739420935412027,32.0,600.0,0.5
multvae,10,1.0,1,,,,0.265625,0.2691119000010076,0.1410477746615254,0.3028953229398664,32.0,600.0,0.5
multvae,20,1.0,0,,,,0.625,0.6144930000009481,0.17593581750643392,0.3741648106904232,32.0,600.0,0.5
multvae,20,1.0,1,,,,0.53125,0.5342416999992565,0.1761239073756157,0.36971046770601335,32.0,600.0,0.5
multvae,10,0.25,0,,,,0.203125,0.2065322999987984,0.10041705256277161,0.21380846325167038,64.0,200.0,0.0
multvae,10,0.25,1,,,,0.1875,0.18370719999802532,0.09700700468139092,0.22271714922049,64.0,200.0,0.0
multvae,20,0.25,0,,,,0.328125,0.3382062999990012,0.10626704918540411,0.23385300668151449,64.0,200.0,0.0
multvae,20,0.25,1,,,,0.34375,0.33957899999950314,0.0909682388908296,0.2026726057906459,64.0,200.0,0.0
multvae,10,0.5,0,,,,0.1875,0.19026640000083717,0.10540531253279994,0.22048997772828507,64.0,200.0,0.0
multvae,10,0.5,1,,,,0.1875,0.17662280000149622,0.10677471117463061,0.24276169265033407,64.0,200.0,0.0
multvae,20,0.5,0,,,,0.328125,0.3322536999985459,0.13180157166919426,0.267260579064588,64.0,200.0,0.0
multvae,20,0.5,1,,,,0.34375,0.33685239999977057,0.12770532654347844,0.267260579064588,64.0,200.0,0.0
multvae,10,1.0,0,,,,0.171875,0.17064980000213836,0.0850369794107274,0.1714922048997773,64.0,200.0,0.0
multvae,10,1.0,1,,,,0.15625,0.16207489999942482,0.08565311230762587,0.16926503340757237,64.0,200.0,0.0
multvae,20,1.0,0,,,,0.328125,0.3358437999995658,0.1732437944454264,0.3741648106904232,64.0,200.0,0.0
multvae,20,1.0,1,,,,0.359375,0.40952240000115125,0.16367888515469076,0.35412026726057905,64.0,200.0,0.0
multvae,10,0.25,0,,,,0.171875,0.18619820000094478,0.10549625694718616,0.22717149220489977,64.0,200.0,0.5
multvae,10,0.25,1,,,,0.1875,0.1843081999977585,0.08983037818404188,0.20935412026726058,64.0,200.0,0.5
multvae,20,0.25,0,,,,0.4375,0.43542730000262964,0.10446557490004711,0.23385300668151449,64.0,200.0,0.5
multvae,20,0.25,1,,,,0.421875,0.4186761999990267,0.08876017281249295,0.20935412026726058,64.0,200.0,0.5
multvae,10,0.5,0,,,,0.203125,0.19730130000243662,0.10522708101242643,0.23162583518930957,64.0,200.0,0.5
multvae,10,0.5,1,,,,0.234375,0.24384490000011283,0.08529103827092775,0.18930957683741648,64.0,200.0,0.5
multvae,20,0.5,0,,,,0.484375,0.48501409999880707,0.11434118235593703,0.2583518930957684,64.0,200.0,0.5
multvae,20,0.5,1,,,,0.515625,0.5152581000002101,0.10046131053889766,0.2182628062360802,64.0,200.0,0.5
multvae,10,1.0,0,,,,0.265625,0.2570945000006759,0.0812478479451471,0.16703786191536749,64.0,200.0,0.5
multvae,10,1.0,1,,,,0.21875,0.21969209999952,0.08291711305192163,0.16703786191536749,64.0,200.0,0.5
multvae,20,1.0,0,,,,0.4375,0.4297380999996676,0.14304021594437433,0.30734966592427615,64.0,200.0,0.5
multvae,20,1.0,1,,,,0.4375,0.4361903000026359,0.13083434202803074,0.2739420935412027,64.0,200.0,0.5
multvae,10,0.25,0,,,,0.328125,0.3318849000024784,0.1002639822120544,0.21603563474387527,64.0,600.0,0.0
multvae,10,0.25,1,,,,0.34375,0.46214210000107414,0.09378334170918143,0.2182628062360802,64.0,600.0,0.0
multvae,20,0.25,0,,,,0.796875,0.7987692999995488,0.08574199568047702,0.18262806236080179,64.0,600.0,0.0
multvae,20,0.25,1,,,,0.640625,0.635689700000512,0.09987536190137887,0.2026726057906459,64.0,600.0,0.0
multvae,10,0.5,0,,,,0.28125,0.28957140000056825,0.1421212749289986,0.289532293986637,64.0,600.0,0.0
multvae,10,0.5,1,,,,0.296875,0.3083232999997563,0.13214428763058908,0.2806236080178174,64.0,600.0,0.0
multvae,20,0.5,0,,,,0.59375,0.5910434999968857,0.1734852506759938,0.34075723830734966,64.0,600.0,0.0
multvae,20,0.5,1,,,,0.5625,0.5663238000015554,0.1673058841332293,0.3429844097995546,64.0,600.0,0.0
multvae,10,1.0,0,,,,0.296875,0.2914338999980828,0.16047802978684142,0.3429844097995546,64.0,600.0,0.0
multvae,10,1.0,1,,,,0.28125,0.2799861999992572,0.15516953723837767,0.32962138084632514,64.0,600.0,0.0
multvae,20,1.0,0,,,,0.546875,0.5702233000010892,0.16898612986748088,0.3518930957683742,64.0,600.0,0.0
multvae,20,1.0,1,,,,0.625,0.6244888000001083,0.16827187282382966,0.3429844097995546,64.0,600.0,0.0
multvae,10,0.25,0,,,,0.3125,0.30056799999874784,0.10621437059201017,0.2383073496659243,64.0,600.0,0.5
multvae,10,0.25,1,,,,0.296875,0.29569070000070496,0.10650114740861343,0.23385300668151449,64.0,600.0,0.5
multvae,20,0.25,0,,,,0.6875,0.6891913999970711,0.10700933996631269,0.20935412026726058,64.0,600.0,0.5
multvae,20,0.25,1,,,,0.765625,0.7690447999993921,0.12245524640248195,0.26057906458797325,64.0,600.0,0.5
multvae,10,0.5,0,,,,0.3125,0.3181890000014391,0.1230137992954539,0.26057906458797325,64.0,600.0,0.5
multvae,10,0.5,1,,,,0.296875,0.289925699999003,0.1212819619683563,0.2650334075723831,64.0,600.0,0.5
multvae,20,0.5,0,,,,0.578125,0.5823016999966057,0.17073712999807852,0.3429844097995546,64.0,600.0,0.5
multvae,20,0.5,1,,,,0.5625,0.5728820000003907,0.1749013556912611,0.36302895322939865,64.0,600.0,0.5
multvae,10,1.0,0,,,,0.296875,0.288154999998369,0.14198508368857268,0.29398663697104677,64.0,600.0,0.5
multvae,10,1.0,1,,,,0.28125,0.28969340000185184,0.13583942172360688,0.289532293986637,64.0,600.0,0.5
multvae,20,1.0,0,,,,0.578125,0.5776240999985021,0.17074444318260634,0.3674832962138085,64.0,600.0,0.5
multvae,20,1.0,1,,,,0.640625,0.6440054000013333,0.16937578190552313,0.3674832962138085,64.0,600.0,0.5
multvae,10,0.25,0,,,,0.234375,0.2304337999994459,0.10307662593122072,0.20935412026726058,128.0,200.0,0.0
multvae,10,0.25,1,,,,0.234375,0.244774700000562,0.08932169063386408,0.21603563474387527,128.0,200.0,0.0
multvae,20,0.25,0,,,,0.4375,0.4565669000003254,0.11033275113306787,0.23385300668151449,128.0,200.0,0.0
multvae,20,0.25,1,,,,0.421875,0.4231352999995579,0.09789682726471577,0.22717149220489977,128.0,200.0,0.0
multvae,10,0.5,0,,,,0.21875,0.22866560000329628,0.11072263676882499,0.23608017817371937,128.0,200.0,0.0
multvae,10,0.5,1,,,,0.203125,0.2072026999994705,0.09572317109934331,0.21603563474387527,128.0,200.0,0.0
multvae,20,0.5,0,,,,0.390625,0.38276179999957094,0.13019096877796854,0.2650334075723831,128.0,200.0,0.0
multvae,20,0.5,1,,,,0.4375,0.44147919999886653,0.13613187556773348,0.28507795100222716,128.0,200.0,0.0
multvae,10,1.0,0,,,,0.21875,0.20834560000002966,0.09753715374412145,0.18930957683741648,128.0,200.0,0.0
multvae,10,1.0,1,,,,0.203125,0.19505890000073123,0.09088382578085305,0.18485523385300667,128.0,200.0,0.0
multvae,20,1.0,0,,,,0.390625,0.3830228000006173,0.16693424103864424,0.35634743875278396,128.0,200.0,0.0
multvae,20,1.0,1,,,,0.375,0.3770665000010922,0.15782529540594806,0.3429844097995546,128.0,200.0,0.0
multvae,10,0.25,0,,,,0.203125,0.20174279999991995,0.09462153222571121,0.19821826280623608,128.0,200.0,0.5
multvae,10,0.25,1,,,,0.203125,0.20880019999822252,0.0961431485136983,0.22271714922049,128.0,200.0,0.5
multvae,20,0.25,0,,,,0.390625,0.39299079999909736,0.09952180224443914,0.20935412026726058,128.0,200.0,0.5
multvae,20,0.25,1,,,,0.40625,0.41051010000228416,0.09671722886398648,0.22939866369710468,128.0,200.0,0.5
multvae,10,0.5,0,,,,0.203125,0.2002007999981288,0.10101774208226158,0.21380846325167038,128.0,200.0,0.5
multvae,10,0.5,1,,,,0.203125,0.20193750000180444,0.09760942731756475,0.22271714922049,128.0,200.0,0.5
multvae,20,0.5,0,,,,0.40625,0.4108611999981804,0.11562646080131805,0.24498886414253898,128.0,200.0,0.5
multvae,20,0.5,1,,,,0.40625,0.40018290000080015,0.11259432575918103,0.2583518930957684,128.0,200.0,0.5
multvae,10,1.0,0,,,,0.234375,0.27610249999997905,0.0949121977983004,0.1915367483296214,128.0,200.0,0.5
multvae,10,1.0,1,,,,0.21875,0.21671499999865773,0.08653420686956496,0.18485523385300667,128.0,200.0,0.5
multvae,20,1.0,0,,,,0.40625,0.3986045000019658,0.15182046296474783,0.31625835189309576,128.0,200.0,0.5
multvae,20,1.0,1,,,,0.390625,0.3901079999996,0.14586087944411597,0.2962138084632517,128.0,200.0,0.5
multvae,10,0.25,0,,,,0.359375,0.35240300000077696,0.11142809482064588,0.22048997772828507,128.0,600.0,0.0
multvae,10,0.25,1,,,,0.34375,0.3478428999987955,0.09864831851901326,0.20489977728285078,128.0,600.0,0.0
multvae,20,0.25,0,,,,0.6875,0.683479500003159,0.10170043343747963,0.2071269487750557,128.0,600.0,0.0
multvae,20,0.25,1,,,,0.671875,0.6765413999964949,0.10979017795806383,0.21158129175946547,128.0,600.0,0.0
multvae,10,0.5,0,,,,0.34375,0.34421519999887096,0.1457163528215963,0.29175946547884185,128.0,600.0,0.0
multvae,10,0.5,1,,,,0.328125,0.3370470999980171,0.1381652850027066,0.26948775055679286,128.0,600.0,0.0
multvae,20,0.5,0,,,,0.796875,0.7958035000010568,0.17519404631921737,0.36080178173719374,128.0,600.0,0.0
multvae,20,0.5,1,,,,0.96875,0.9615405000004102,0.1815519114627229,0.36080178173719374,128.0,600.0,0.0
multvae,10,1.0,0,,,,0.390625,0.3905159000023559,0.1635181333505536,0.36525612472160357,128.0,600.0,0.0
multvae,10,1.0,1,,,,0.4375,0.43719620000047144,0.1622165524616158,0.34966592427616927,128.0,600.0,0.0
multvae,20,1.0,0,,,,0.890625,0.8828862000009394,0.16527210182771598,0.34521158129175944,128.0,600.0,0.0
multvae,20,1.0,1,,,,0.953125,0.9901029000029666,0.17799623583620605,0.3674832962138085,128.0,600.0,0.0
multvae,10,0.25,0,,,,0.46875,0.4768538999996963,0.09935330095173527,0.2182628062360802,128.0,600.0,0.5
multvae,10,0.25,1,,,,0.421875,0.4141939999972237,0.09816330927984708,0.20935412026726058,128.0,600.0,0.5
multvae,20,0.25,0,,,,0.9375,0.937552899998991,0.10391044805843001,0.21158129175946547,128.0,600.0,0.5
multvae,20,0.25,1,,,,0.703125,0.7193342999999004,0.1165796073832939,0.24276169265033407,128.0,600.0,0.5
multvae,10,0.5,0,,,,0.34375,0.3509453000006033,0.11250250437490768,0.22939866369710468,128.0,600.0,0.5
multvae,10,0.5,1,,,,0.359375,0.35488790000090376,0.10889651237193021,0.23162583518930957,128.0,600.0,0.5
multvae,20,0.5,0,,,,0.6875,0.690659500000038,0.16775756435742148,0.3518930957683742,128.0,600.0,0.5
multvae,20,0.5,1,,,,0.6875,0.6934707000000344,0.18199956565127123,0.36971046770601335,128.0,600.0,0.5
multvae,10,1.0,0,,,,0.375,0.36419699999896693,0.14863926474453784,0.3051224944320713,128.0,600.0,0.5
multvae,10,1.0,1,,,,0.34375,0.35231710000152816,0.13784358789728948,0.28507795100222716,128.0,600.0,0.5
multvae,20,1.0,0,,,,0.6875,0.6990920999996888,0.17300675365170098,0.37193763919821826,128.0,600.0,0.5
multvae,20,1.0,1,,,,0.75,0.7979309000002104,0.17798070152124953,0.38752783964365256,128.0,600.0,0.5
