dataset,method,seed,best_quality,best_config_id,n_unique,n_duplicates,spent_cpu_seconds,checkpoint_0.25,checkpoint_0.5,checkpoint_1.0,config_id,test_ndcg_at_10,test_recall_at_10
luxury_beauty,bocs,0,0.285640539320096,als|factors=64;epochs=5;regularisation=0.01;alpha=10.0|frac=1.0,40,0,277.5763888888889,0.281881246480291,0.281881246480291,0.285640539320096,als|factors=64;epochs=5;regularisation=0.01;alpha=10.0|frac=1.0,0.154170696099155,0.257238646754038
luxury_beauty,bocs,1,0.289477768360559,itemknn|topk=300;shrink=0.0|frac=1.0,44,1,277.4797111742424,0.282842732959161,0.282842732959161,0.289477768360559,itemknn|topk=300;shrink=0.0|frac=1.0,0.157448972719212,0.262419993904297
luxury_beauty,bocs,2,0.300060913575155,itemknn|topk=10;shrink=10.0|frac=1.0,47,0,278.1678969109196,0.285640539320096,0.289477768360559,0.300060913575155,itemknn|topk=10;shrink=10.0|frac=1.0,0.161359956760348,0.263943919536726
luxury_beauty,bocs,3,0.309259884556491,itemknn|topk=50;shrink=100.0|frac=1.0,42,1,275.54166666666663,0.281004359389095,0.309259884556491,0.309259884556491,itemknn|topk=50;shrink=100.0|frac=1.0,0.168172612892844,0.278573605608046
luxury_beauty,bocs,4,0.286381788208959,als|factors=32;epochs=30;regularisation=0.001;alpha=40.0|frac=1.0,43,0,274.5546875,0.281175452424088,0.281175452424088,0.286381788208959,als|factors=32;epochs=30;regularisation=0.001;alpha=40.0|frac=1.0,0.158480706912223,0.264553489789698
luxury_beauty,bocs,5,0.285511036083238,itemknn|topk=100;shrink=0.0|frac=1.0,37,0,276.58415178571425,0.269662013675207,0.285511036083238,0.285511036083238,itemknn|topk=100;shrink=0.0|frac=1.0,0.155748230963851,0.259372142639439
luxury_beauty,bocs,6,0.310401827753919,itemknn|topk=10;shrink=100.0|frac=1.0,51,0,274.8561686218475,0.310401827753919,0.310401827753919,0.310401827753919,itemknn|topk=10;shrink=100.0|frac=1.0,0.169206510916712,0.279487960987503
luxury_beauty,bocs,7,0.285640539320096,als|factors=64;epochs=5;regularisation=0.01;alpha=10.0|frac=1.0,64,0,301.3187218597375,0.285640539320096,0.285640539320096,0.285640539320096,als|factors=64;epochs=5;regularisation=0.01;alpha=10.0|frac=1.0,0.154170696099155,0.257238646754038
luxury_beauty,bocs,8,0.310401827753919,itemknn|topk=10;shrink=100.0|frac=1.0,35,0,276.67477678571424,0.310401827753919,0.310401827753919,0.310401827753919,itemknn|topk=10;shrink=100.0|frac=1.0,0.169206510916712,0.279487960987503
luxury_beauty,bocs,9,0.286853217332889,multvae|latent=32;hidden=600;epochs=20;dropout=0.5|frac=1.0,40,0,276.101974468461,0.275356859633459,0.281881246480291,0.286853217332889,multvae|latent=32;hidden=600;epochs=20;dropout=0.5|frac=1.0,0.149223838396023,0.248704663212435
luxury_beauty,bocs,10,0.284686475772981,als|factors=32;epochs=30;regularisation=0.01;alpha=40.0|frac=1.0,48,0,288.5014545350483,0.283494577354276,0.283494577354276,0.284686475772981,als|factors=32;epochs=30;regularisation=0.01;alpha=40.0|frac=1.0,0.159021417216744,0.266077415422127
luxury_beauty,bocs,11,0.311446441993705,itemknn|topk=300;shrink=100.0|frac=1.0,48,1,286.1121279761905,0.286381788208959,0.286381788208959,0.311446441993705,itemknn|topk=300;shrink=100.0|frac=1.0,0.168474260410597,0.279487960987503
luxury_beauty,bocs,12,0.285511036083238,itemknn|topk=100;shrink=0.0|frac=1.0,45,0,274.54051226551223,0.285511036083238,0.285511036083238,0.285511036083238,itemknn|topk=100;shrink=0.0|frac=1.0,0.155748230963851,0.259372142639439
luxury_beauty,bocs,13,0.303273592177951,itemknn|topk=100;shrink=10.0|frac=1.0,39,0,280.0983639357268,0.28380688904438,0.285511036083238,0.303273592177951,itemknn|topk=100;shrink=10.0|frac=1.0,0.164291894898559,0.272173117951843
luxury_beauty,bocs,14,0.309259884556491,itemknn|topk=50;shrink=100.0|frac=1.0,49,1,273.5022321428572,0.309259884556491,0.309259884556491,0.309259884556491,itemknn|topk=50;shrink=100.0|frac=1.0,0.168172612892844,0.278573605608046
luxury_beauty,bocs,15,0.300060913575155,itemknn|topk=10;shrink=10.0|frac=1.0,31,0,280.209375,0.300060913575155,0.300060913575155,0.300060913575155,itemknn|topk=10;shrink=10.0|frac=1.0,0.161359956760348,0.263943919536726
luxury_beauty,bocs,16,0.30133924667329,itemknn|topk=50;shrink=10.0|frac=1.0,55,0,275.3394095599263,0.286381788208959,0.286853217332889,0.30133924667329,itemknn|topk=50;shrink=10.0|frac=1.0,0.163837078539192,0.271258762572386
luxury_beauty,bocs,17,0.286853217332889,multvae|latent=32;hidden=600;epochs=20;dropout=0.5|frac=1.0,38,0,274.07043917207136,0.282734076660515,0.282734076660515,0.286853217332889,multvae|latent=32;hidden=600;epochs=20;dropout=0.5|frac=1.0,0.149223838396023,0.248704663212435
luxury_beauty,bocs,18,0.310401827753919,itemknn|topk=10;shrink=100.0|frac=1.0,50,1,283.4648699094218,0.284843298452339,0.309259884556491,0.310401827753919,itemknn|topk=10;shrink=100.0|frac=1.0,0.169206510916712,0.279487960987503
luxury_beauty,bocs,19,0.303273592177951,itemknn|topk=100;shrink=10.0|frac=1.0,43,0,274.902948134382,0.27565607213763,0.27565607213763,0.303273592177951,itemknn|topk=100;shrink=10.0|frac=1.0,0.164291894898559,0.272173117951843
luxury_beauty,bocs,20,0.309259884556491,itemknn|topk=50;shrink=100.0|frac=1.0,43,0,285.8014322916667,0.280740660250127,0.282750858989589,0.309259884556491,itemknn|topk=50;shrink=100.0|frac=1.0,0.168172612892844,0.278573605608046
luxury_beauty,bocs,21,0.289477768360559,itemknn|topk=300;shrink=0.0|frac=1.0,58,0,279.0071905599788,0.289477768360559,0.289477768360559,0.289477768360559,itemknn|topk=300;shrink=0.0|frac=1.0,0.157448972719212,0.262419993904297
luxury_beauty,bocs,22,0.283492824551601,itemknn|topk=50;shrink=0.0|frac=1.0,42,0,284.066410195707,0.283492824551601,0.283492824551601,0.283492824551601,itemknn|topk=50;shrink=0.0|frac=1.0,0.154610042008784,0.255714721121609
luxury_beauty,bocs,23,0.310401827753919,itemknn|topk=10;shrink=100.0|frac=1.0,40,0,293.88882169989336,0.310401827753919,0.310401827753919,0.310401827753919,itemknn|topk=10;shrink=100.0|frac=1.0,0.169206510916712,0.279487960987503
luxury_beauty,bocs,24,0.310401827753919,itemknn|topk=10;shrink=100.0|frac=1.0,53,2,279.3872869318181,0.265310757018751,0.310401827753919,0.310401827753919,itemknn|topk=10;shrink=100.0|frac=1.0,0.169206510916712,0.279487960987503
luxury_beauty,bocs,25,0.285511036083238,itemknn|topk=100;shrink=0.0|frac=1.0,43,0,278.39574070715906,0.218695769620824,0.285511036083238,0.285511036083238,itemknn|topk=100;shrink=0.0|frac=1.0,0.155748230963851,0.259372142639439
luxury_beauty,bocs,26,0.300060913575155,itemknn|topk=10;shrink=10.0|frac=1.0,31,0,273.9585737179487,0.265310757018751,0.300060913575155,0.300060913575155,itemknn|topk=10;shrink=10.0|frac=1.0,0.161359956760348,0.263943919536726
luxury_beauty,bocs,27,0.303482930404316,itemknn|topk=300;shrink=10.0|frac=1.0,42,0,274.2320690594128,0.303482930404316,0.303482930404316,0.303482930404316,itemknn|topk=300;shrink=10.0|frac=1.0,0.164910326652715,0.273697043584273
luxury_beauty,bocs,28,0.285511036083238,itemknn|topk=100;shrink=0.0|frac=1.0,34,0,282.7255208333333,0.274558094940967,0.285511036083238,0.285511036083238,itemknn|topk=100;shrink=0.0|frac=1.0,0.155748230963851,0.259372142639439
luxury_beauty,bocs,29,0.28380688904438,als|factors=32;epochs=15;regularisation=0.001;alpha=40.0|frac=1.0,48,2,273.4381510416667,0.283006448211589,0.283006448211589,0.28380688904438,als|factors=32;epochs=15;regularisation=0.001;alpha=40.0|frac=1.0,0.156973173698962,0.263029564157269
luxury_beauty,fmqa,0,0.310373879095711,itemknn|topk=100;shrink=100.0|frac=1.0,62,0,278.50583269850114,0.284343912808754,0.284843298452339,0.310373879095711,itemknn|topk=100;shrink=100.0|frac=1.0,0.168417968468437,0.277964035355074
luxury_beauty,fmqa,1,0.286853217332889,multvae|latent=32;hidden=600;epochs=20;dropout=0.5|frac=1.0,46,0,278.1384741238348,0.282293324097448,0.286853217332889,0.286853217332889,multvae|latent=32;hidden=600;epochs=20;dropout=0.5|frac=1.0,0.149223838396023,0.248704663212435
luxury_beauty,fmqa,2,0.303273592177951,itemknn|topk=100;shrink=10.0|frac=1.0,46,0,273.7219223484848,0.282734076660515,0.282734076660515,0.303273592177951,itemknn|topk=100;shrink=10.0|frac=1.0,0.164291894898559,0.272173117951843
luxury_beauty,fmqa,3,0.303273592177951,itemknn|topk=100;shrink=10.0|frac=1.0,55,0,283.3482864357864,0.303273592177951,0.303273592177951,0.303273592177951,itemknn|topk=100;shrink=10.0|frac=1.0,0.164291894898559,0.272173117951843
luxury_beauty,fmqa,4,0.310373879095711,itemknn|topk=100;shrink=100.0|frac=1.0,66,0,273.3649753761869,0.286109606773109,0.310373879095711,0.310373879095711,itemknn|topk=100;shrink=100.0|frac=1.0,0.168417968468437,0.277964035355074
luxury_beauty,fmqa,5,0.310401827753919,itemknn|topk=10;shrink=100.0|frac=1.0,48,0,282.2313952732618,0.285511036083238,0.285511036083238,0.310401827753919,itemknn|topk=10;shrink=100.0|frac=1.0,0.169206510916712,0.279487960987503
luxury_beauty,fmqa,6,0.310401827753919,itemknn|topk=10;shrink=100.0|frac=1.0,55,0,280.9503272068307,0.266076771666712,0.274530918290369,0.310401827753919,itemknn|topk=10;shrink=100.0|frac=1.0,0.169206510916712,0.279487960987503
luxury_beauty,fmqa,7,0.309259884556491,itemknn|topk=50;shrink=100.0|frac=1.0,54,0,273.4770531718379,0.282842732959161,0.282842732959161,0.309259884556491,itemknn|topk=50;shrink=100.0|frac=1.0,0.168172612892844,0.278573605608046
luxury_beauty,fmqa,8,0.310401827753919,itemknn|topk=10;shrink=100.0|frac=1.0,62,0,301.4926205063621,0.289477768360559,0.309259884556491,0.310401827753919,itemknn|topk=10;shrink=100.0|frac=1.0,0.169206510916712,0.279487960987503
luxury_beauty,fmqa,9,0.310373879095711,itemknn|topk=100;shrink=100.0|frac=1.0,66,0,279.1616301425591,0.282923008758797,0.283320606679531,0.310373879095711,itemknn|topk=100;shrink=100.0|frac=1.0,0.168417968468437,0.277964035355074
luxury_beauty,fmqa,10,0.310401827753919,itemknn|topk=10;shrink=100.0|frac=1.0,52,0,281.2508034933816,0.28147744036034,0.283534662663688,0.310401827753919,itemknn|topk=10;shrink=100.0|frac=1.0,0.169206510916712,0.279487960987503
luxury_beauty,fmqa,11,0.310401827753919,itemknn|topk=10;shrink=100.0|frac=1.0,64,0,277.43886018955675,0.267205450971804,0.310401827753919,0.310401827753919,itemknn|topk=10;shrink=100.0|frac=1.0,0.169206510916712,0.279487960987503
luxury_beauty,fmqa,12,0.310401827753919,itemknn|topk=10;shrink=100.0|frac=1.0,58,0,274.74406540388486,0.281938937162806,0.310401827753919,0.310401827753919,itemknn|topk=10;shrink=100.0|frac=1.0,0.169206510916712,0.279487960987503
luxury_beauty,fmqa,13,0.311446441993705,itemknn|topk=300;shrink=100.0|frac=1.0,60,0,300.3812612734488,0.303273592177951,0.310373879095711,0.311446441993705,itemknn|topk=300;shrink=100.0|frac=1.0,0.168474260410597,0.279487960987503
luxury_beauty,fmqa,14,0.310401827753919,itemknn|topk=10;shrink=100.0|frac=1.0,55,0,277.2720862229371,0.28147744036034,0.303273592177951,0.310401827753919,itemknn|topk=10;shrink=100.0|frac=1.0,0.169206510916712,0.279487960987503
luxury_beauty,fmqa,15,0.284612268873347,als|factors=64;epochs=15;regularisation=0.001;alpha=10.0|frac=1.0,56,0,299.9655242513293,0.276049109860939,0.282024165166316,0.284612268873347,als|factors=64;epochs=15;regularisation=0.001;alpha=10.0|frac=1.0,0.156072161276,0.262724779030783
luxury_beauty,fmqa,16,0.300060913575155,itemknn|topk=10;shrink=10.0|frac=1.0,43,0,282.5279494080481,0.282780934360357,0.282780934360357,0.300060913575155,itemknn|topk=10;shrink=10.0|frac=1.0,0.161359956760348,0.263943919536726
luxury_beauty,fmqa,17,0.310373879095711,itemknn|topk=100;shrink=100.0|frac=1.0,45,0,279.04751899524973,0.268610145170364,0.268610145170364,0.310373879095711,itemknn|topk=100;shrink=100.0|frac=1.0,0.168417968468437,0.277964035355074
luxury_beauty,fmqa,18,0.310373879095711,itemknn|topk=100;shrink=100.0|frac=1.0,58,0,278.74936302047735,0.283320606679531,0.284843298452339,0.310373879095711,itemknn|topk=100;shrink=100.0|frac=1.0,0.168417968468437,0.277964035355074
luxury_beauty,fmqa,19,0.311446441993705,itemknn|topk=300;shrink=100.0|frac=1.0,52,0,274.86905353769754,0.282777835621497,0.283494577354276,0.311446441993705,itemknn|topk=300;shrink=100.0|frac=1.0,0.168474260410597,0.279487960987503
luxury_beauty,fmqa,20,0.310401827753919,itemknn|topk=10;shrink=100.0|frac=1.0,64,0,277.8199618407436,0.310401827753919,0.310401827753919,0.310401827753919,itemknn|topk=10;shrink=100.0|frac=1.0,0.169206510916712,0.279487960987503
luxury_beauty,fmqa,21,0.310401827753919,itemknn|topk=10;shrink=100.0|frac=1.0,61,0,283.96377221616984,0.250163271245624,0.28380688904438,0.310401827753919,itemknn|topk=10;shrink=100.0|frac=1.0,0.169206510916712,0.279487960987503
luxury_beauty,fmqa,22,0.311446441993705,itemknn|topk=300;shrink=100.0|frac=1.0,60,0,295.1647345085853,0.283320606679531,0.283320606679531,0.311446441993705,itemknn|topk=300;shrink=100.0|frac=1.0,0.168474260410597,0.279487960987503
luxury_beauty,fmqa,23,0.310401827753919,itemknn|topk=10;shrink=100.0|frac=1.0,66,0,287.6125762959029,0.283534662663688,0.310401827753919,0.310401827753919,itemknn|topk=10;shrink=100.0|frac=1.0,0.169206510916712,0.279487960987503
luxury_beauty,fmqa,24,0.303482930404316,itemknn|topk=300;shrink=10.0|frac=1.0,54,0,276.55392628205124,0.300060913575155,0.303482930404316,0.303482930404316,itemknn|topk=300;shrink=10.0|frac=1.0,0.164910326652715,0.273697043584273
luxury_beauty,fmqa,25,0.310401827753919,itemknn|topk=10;shrink=100.0|frac=1.0,50,0,275.85010082127485,0.286381788208959,0.289477768360559,0.310401827753919,itemknn|topk=10;shrink=100.0|frac=1.0,0.169206510916712,0.279487960987503
luxury_beauty,fmqa,26,0.303482930404316,itemknn|topk=300;shrink=10.0|frac=1.0,60,0,280.6825090900007,0.285511036083238,0.303482930404316,0.303482930404316,itemknn|topk=300;shrink=10.0|frac=1.0,0.164910326652715,0.273697043584273
luxury_beauty,fmqa,27,0.309259884556491,itemknn|topk=50;shrink=100.0|frac=1.0,59,0,275.8671063900806,0.266071615665705,0.285640539320096,0.309259884556491,itemknn|topk=50;shrink=100.0|frac=1.0,0.168172612892844,0.278573605608046
luxury_beauty,fmqa,28,0.303482930404316,itemknn|topk=300;shrink=10.0|frac=1.0,52,0,275.42943823733094,0.250163271245624,0.281938937162806,0.303482930404316,itemknn|topk=300;shrink=10.0|frac=1.0,0.164910326652715,0.273697043584273
luxury_beauty,fmqa,29,0.309259884556491,itemknn|topk=50;shrink=100.0|frac=1.0,57,0,277.1369429387703,0.285511036083238,0.285511036083238,0.309259884556491,itemknn|topk=50;shrink=100.0|frac=1.0,0.168172612892844,0.278573605608046
luxury_beauty,grid,0,0.311446441993705,itemknn|topk=300;shrink=100.0|frac=1.0,99,0,273.89028242429094,0.311446441993705,0.311446441993705,0.311446441993705,itemknn|topk=300;shrink=100.0|frac=1.0,0.168474260410597,0.279487960987503
luxury_beauty,grid,1,0.311446441993705,itemknn|topk=300;shrink=100.0|frac=1.0,99,0,274.06215742429094,0.311446441993705,0.311446441993705,0.311446441993705,itemknn|topk=300;shrink=100.0|frac=1.0,0.168474260410597,0.279487960987503
luxury_beauty,grid,2,0.311446441993705,itemknn|topk=300;shrink=100.0|frac=1.0,99,0,274.01528242429094,0.311446441993705,0.311446441993705,0.311446441993705,itemknn|topk=300;shrink=100.0|frac=1.0,0.168474260410597,0.279487960987503
luxury_beauty,grid,3,0.311446441993705,itemknn|topk=300;shrink=100.0|frac=1.0,99,0,274.82778242429094,0.311446441993705,0.311446441993705,0.311446441993705,itemknn|topk=300;shrink=100.0|frac=1.0,0.168474260410597,0.279487960987503
luxury_beauty,grid,4,0.311446441993705,itemknn|topk=300;shrink=100.0|frac=1.0,99,0,274.14028242429094,0.311446441993705,0.311446441993705,0.311446441993705,itemknn|topk=300;shrink=100.0|frac=1.0,0.168474260410597,0.279487960987503
luxury_beauty,grid,5,0.311446441993705,itemknn|topk=300;shrink=100.0|frac=1.0,99,0,273.96840742429094,0.311446441993705,0.311446441993705,0.311446441993705,itemknn|topk=300;shrink=100.0|frac=1.0,0.168474260410597,0.279487960987503
luxury_beauty,grid,6,0.311446441993705,itemknn|topk=300;shrink=100.0|frac=1.0,99,0,273.93715742429094,0.311446441993705,0.311446441993705,0.311446441993705,itemknn|topk=300;shrink=100.0|frac=1.0,0.168474260410597,0.279487960987503
luxury_beauty,grid,7,0.311446441993705,itemknn|topk=300;shrink=100.0|frac=1.0,99,0,273.99965742429094,0.311446441993705,0.311446441993705,0.311446441993705,itemknn|topk=300;shrink=100.0|frac=1.0,0.168474260410597,0.279487960987503
luxury_beauty,grid,8,0.311446441993705,itemknn|topk=300;shrink=100.0|frac=1.0,99,0,274.28090742429094,0.311446441993705,0.311446441993705,0.311446441993705,itemknn|topk=300;shrink=100.0|frac=1.0,0.168474260410597,0.279487960987503
luxury_beauty,grid,9,0.311446441993705,itemknn|topk=300;shrink=100.0|frac=1.0,99,0,274.82778242429094,0.311446441993705,0.311446441993705,0.311446441993705,itemknn|topk=300;shrink=100.0|frac=1.0,0.168474260410597,0.279487960987503
luxury_beauty,grid,10,0.311446441993705,itemknn|topk=300;shrink=100.0|frac=1.0,99,0,274.51528242429094,0.311446441993705,0.311446441993705,0.311446441993705,itemknn|topk=300;shrink=100.0|frac=1.0,0.168474260410597,0.279487960987503
luxury_beauty,grid,11,0.311446441993705,itemknn|topk=300;shrink=100.0|frac=1.0,99,0,274.28090742429094,0.311446441993705,0.311446441993705,0.311446441993705,itemknn|topk=300;shrink=100.0|frac=1.0,0.168474260410597,0.279487960987503
luxury_beauty,grid,12,0.311446441993705,itemknn|topk=300;shrink=100.0|frac=1.0,99,0,274.53090742429094,0.311446441993705,0.311446441993705,0.311446441993705,itemknn|topk=300;shrink=100.0|frac=1.0,0.168474260410597,0.279487960987503
luxury_beauty,grid,13,0.311446441993705,itemknn|topk=300;shrink=100.0|frac=1.0,99,0,274.32778242429094,0.311446441993705,0.311446441993705,0.311446441993705,itemknn|topk=300;shrink=100.0|frac=1.0,0.168474260410597,0.279487960987503
luxury_beauty,grid,14,0.311446441993705,itemknn|topk=300;shrink=100.0|frac=1.0,99,0,274.73403242429094,0.311446441993705,0.311446441993705,0.311446441993705,itemknn|topk=300;shrink=100.0|frac=1.0,0.168474260410597,0.279487960987503
luxury_beauty,grid,15,0.311446441993705,itemknn|topk=300;shrink=100.0|frac=1.0,99,0,274.40590742429094,0.311446441993705,0.311446441993705,0.311446441993705,itemknn|topk=300;shrink=100.0|frac=1.0,0.168474260410597,0.279487960987503
luxury_beauty,grid,16,0.311446441993705,itemknn|topk=300;shrink=100.0|frac=1.0,99,0,274.29653242429094,0.311446441993705,0.311446441993705,0.311446441993705,itemknn|topk=300;shrink=100.0|frac=1.0,0.168474260410597,0.279487960987503
luxury_beauty,grid,17,0.311446441993705,itemknn|topk=300;shrink=100.0|frac=1.0,99,0,274.76528242429094,0.311446441993705,0.311446441993705,0.311446441993705,itemknn|topk=300;shrink=100.0|frac=1.0,0.168474260410597,0.279487960987503
luxury_beauty,grid,18,0.311446441993705,itemknn|topk=300;shrink=100.0|frac=1.0,99,0,275.34340742429094,0.311446441993705,0.311446441993705,0.311446441993705,itemknn|topk=300;shrink=100.0|frac=1.0,0.168474260410597,0.279487960987503
luxury_beauty,grid,19,0.311446441993705,itemknn|topk=300;shrink=100.0|frac=1.0,99,0,275.93715742429094,0.311446441993705,0.311446441993705,0.311446441993705,itemknn|topk=300;shrink=100.0|frac=1.0,0.168474260410597,0.279487960987503
luxury_beauty,grid,20,0.311446441993705,itemknn|topk=300;shrink=100.0|frac=1.0,99,0,274.81215742429094,0.311446441993705,0.311446441993705,0.311446441993705,itemknn|topk=300;shrink=100.0|frac=1.0,0.168474260410597,0.279487960987503
luxury_beauty,grid,21,0.311446441993705,itemknn|topk=300;shrink=100.0|frac=1.0,99,0,274.46840742429094,0.311446441993705,0.311446441993705,0.311446441993705,itemknn|topk=300;shrink=100.0|frac=1.0,0.168474260410597,0.279487960987503
luxury_beauty,grid,22,0.311446441993705,itemknn|topk=300;shrink=100.0|frac=1.0,99,0,274.42153242429094,0.311446441993705,0.311446441993705,0.311446441993705,itemknn|topk=300;shrink=100.0|frac=1.0,0.168474260410597,0.279487960987503
luxury_beauty,grid,23,0.311446441993705,itemknn|topk=300;shrink=100.0|frac=1.0,99,0,274.54653242429094,0.311446441993705,0.311446441993705,0.311446441993705,itemknn|topk=300;shrink=100.0|frac=1.0,0.168474260410597,0.279487960987503
luxury_beauty,grid,24,0.311446441993705,itemknn|topk=300;shrink=100.0|frac=1.0,99,0,274.73403242429094,0.311446441993705,0.311446441993705,0.311446441993705,itemknn|topk=300;shrink=100.0|frac=1.0,0.168474260410597,0.279487960987503
luxury_beauty,grid,25,0.311446441993705,itemknn|topk=300;shrink=100.0|frac=1.0,99,0,274.67153242429094,0.311446441993705,0.311446441993705,0.311446441993705,itemknn|topk=300;shrink=100.0|frac=1.0,0.168474260410597,0.279487960987503
luxury_beauty,grid,26,0.311446441993705,itemknn|topk=300;shrink=100.0|frac=1.0,99,0,274.40590742429094,0.311446441993705,0.311446441993705,0.311446441993705,itemknn|topk=300;shrink=100.0|frac=1.0,0.168474260410597,0.279487960987503
luxury_beauty,grid,27,0.311446441993705,itemknn|topk=300;shrink=100.0|frac=1.0,99,0,274.65590742429094,0.311446441993705,0.311446441993705,0.311446441993705,itemknn|topk=300;shrink=100.0|frac=1.0,0.168474260410597,0.279487960987503
luxury_beauty,grid,28,0.311446441993705,itemknn|topk=300;shrink=100.0|frac=1.0,99,0,274.34340742429094,0.311446441993705,0.311446441993705,0.311446441993705,itemknn|topk=300;shrink=100.0|frac=1.0,0.168474260410597,0.279487960987503
luxury_beauty,grid,29,0.311446441993705,itemknn|topk=300;shrink=100.0|frac=1.0,99,0,274.68715742429094,0.311446441993705,0.311446441993705,0.311446441993705,itemknn|topk=300;shrink=100.0|frac=1.0,0.168474260410597,0.279487960987503
luxury_beauty,grid_interleaved,0,0.311446441993705,itemknn|topk=300;shrink=100.0|frac=1.0,118,0,274.0747847164939,0.214461680218562,0.259984447743736,0.311446441993705,itemknn|topk=300;shrink=100.0|frac=1.0,0.168474260410597,0.279487960987503
luxury_beauty,grid_interleaved,1,0.311446441993705,itemknn|topk=300;shrink=100.0|frac=1.0,118,0,274.0747847164939,0.214461680218562,0.259984447743736,0.311446441993705,itemknn|topk=300;shrink=100.0|frac=1.0,0.168474260410597,0.279487960987503
luxury_beauty,grid_interleaved,2,0.311446441993705,itemknn|topk=300;shrink=100.0|frac=1.0,118,0,274.1372847164939,0.214461680218562,0.259984447743736,0.311446441993705,itemknn|topk=300;shrink=100.0|frac=1.0,0.168474260410597,0.279487960987503
luxury_beauty,grid_interleaved,3,0.311446441993705,itemknn|topk=300;shrink=100.0|frac=1.0,118,0,274.1841597164939,0.214461680218562,0.259984447743736,0.311446441993705,itemknn|topk=300;shrink=100.0|frac=1.0,0.168474260410597,0.279487960987503
luxury_beauty,grid_interleaved,4,0.311446441993705,itemknn|topk=300;shrink=100.0|frac=1.0,116,0,273.3130659664939,0.214461680218562,0.259984447743736,0.311446441993705,itemknn|topk=300;shrink=100.0|frac=1.0,0.168474260410597,0.279487960987503
luxury_beauty,grid_interleaved,5,0.311446441993705,itemknn|topk=300;shrink=100.0|frac=1.0,118,0,274.1372847164939,0.214461680218562,0.259984447743736,0.311446441993705,itemknn|topk=300;shrink=100.0|frac=1.0,0.168474260410597,0.279487960987503
luxury_beauty,grid_interleaved,6,0.311446441993705,itemknn|topk=300;shrink=100.0|frac=1.0,118,0,274.0122847164939,0.214461680218562,0.259984447743736,0.311446441993705,itemknn|topk=300;shrink=100.0|frac=1.0,0.168474260410597,0.279487960987503
luxury_beauty,grid_interleaved,7,0.311446441993705,itemknn|topk=300;shrink=100.0|frac=1.0,118,0,273.9341597164939,0.214461680218562,0.259984447743736,0.311446441993705,itemknn|topk=300;shrink=100.0|frac=1.0,0.168474260410597,0.279487960987503
luxury_beauty,grid_interleaved,8,0.311446441993705,itemknn|topk=300;shrink=100.0|frac=1.0,118,0,274.0279097164939,0.214461680218562,0.259984447743736,0.311446441993705,itemknn|topk=300;shrink=100.0|frac=1.0,0.168474260410597,0.279487960987503
luxury_beauty,grid_interleaved,9,0.311446441993705,itemknn|topk=300;shrink=100.0|frac=1.0,118,0,274.0904097164939,0.214461680218562,0.259984447743736,0.311446441993705,itemknn|topk=300;shrink=100.0|frac=1.0,0.168474260410597,0.279487960987503
luxury_beauty,grid_interleaved,10,0.311446441993705,itemknn|topk=300;shrink=100.0|frac=1.0,118,0,274.0904097164939,0.214461680218562,0.259984447743736,0.311446441993705,itemknn|topk=300;shrink=100.0|frac=1.0,0.168474260410597,0.279487960987503
luxury_beauty,grid_interleaved,11,0.311446441993705,itemknn|topk=300;shrink=100.0|frac=1.0,118,0,274.0747847164939,0.214461680218562,0.259984447743736,0.311446441993705,itemknn|topk=300;shrink=100.0|frac=1.0,0.168474260410597,0.279487960987503
luxury_beauty,grid_interleaved,12,0.311446441993705,itemknn|topk=300;shrink=100.0|frac=1.0,118,0,274.0904097164939,0.214461680218562,0.259984447743736,0.311446441993705,itemknn|topk=300;shrink=100.0|frac=1.0,0.168474260410597,0.279487960987503
luxury_beauty,grid_interleaved,13,0.311446441993705,itemknn|topk=300;shrink=100.0|frac=1.0,118,0,274.1216597164939,0.214461680218562,0.259984447743736,0.311446441993705,itemknn|topk=300;shrink=100.0|frac=1.0,0.168474260410597,0.279487960987503
luxury_beauty,grid_interleaved,14,0.311446441993705,itemknn|topk=300;shrink=100.0|frac=1.0,118,0,274.1216597164939,0.214461680218562,0.259984447743736,0.311446441993705,itemknn|topk=300;shrink=100.0|frac=1.0,0.168474260410597,0.279487960987503
luxury_beauty,grid_interleaved,15,0.311446441993705,itemknn|topk=300;shrink=100.0|frac=1.0,118,0,274.1060347164939,0.214461680218562,0.259984447743736,0.311446441993705,itemknn|topk=300;shrink=100.0|frac=1.0,0.168474260410597,0.279487960987503
luxury_beauty,grid_interleaved,16,0.311446441993705,itemknn|topk=300;shrink=100.0|frac=1.0,118,0,274.1997847164939,0.214461680218562,0.259984447743736,0.311446441993705,itemknn|topk=300;shrink=100.0|frac=1.0,0.168474260410597,0.279487960987503
luxury_beauty,grid_interleaved,17,0.311446441993705,itemknn|topk=300;shrink=100.0|frac=1.0,118,0,274.0435347164939,0.214461680218562,0.259984447743736,0.311446441993705,itemknn|topk=300;shrink=100.0|frac=1.0,0.168474260410597,0.279487960987503
luxury_beauty,grid_interleaved,18,0.311446441993705,itemknn|topk=300;shrink=100.0|frac=1.0,118,0,274.0747847164939,0.214461680218562,0.259984447743736,0.311446441993705,itemknn|topk=300;shrink=100.0|frac=1.0,0.168474260410597,0.279487960987503
luxury_beauty,grid_interleaved,19,0.311446441993705,itemknn|topk=300;shrink=100.0|frac=1.0,118,0,274.0904097164939,0.214461680218562,0.259984447743736,0.311446441993705,itemknn|topk=300;shrink=100.0|frac=1.0,0.168474260410597,0.279487960987503
luxury_beauty,grid_interleaved,20,0.311446441993705,itemknn|topk=300;shrink=100.0|frac=1.0,118,0,273.9966597164939,0.214461680218562,0.259984447743736,0.311446441993705,itemknn|topk=300;shrink=100.0|frac=1.0,0.168474260410597,0.279487960987503
luxury_beauty,grid_interleaved,21,0.311446441993705,itemknn|topk=300;shrink=100.0|frac=1.0,118,0,274.0747847164939,0.214461680218562,0.259984447743736,0.311446441993705,itemknn|topk=300;shrink=100.0|frac=1.0,0.168474260410597,0.279487960987503
luxury_beauty,grid_interleaved,22,0.311446441993705,itemknn|topk=300;shrink=100.0|frac=1.0,118,0,274.0591597164939,0.214461680218562,0.259984447743736,0.311446441993705,itemknn|topk=300;shrink=100.0|frac=1.0,0.168474260410597,0.279487960987503
luxury_beauty,grid_interleaved,23,0.311446441993705,itemknn|topk=300;shrink=100.0|frac=1.0,118,0,274.0122847164939,0.214461680218562,0.259984447743736,0.311446441993705,itemknn|topk=300;shrink=100.0|frac=1.0,0.168474260410597,0.279487960987503
luxury_beauty,grid_interleaved,24,0.311446441993705,itemknn|topk=300;shrink=100.0|frac=1.0,118,0,274.0904097164939,0.214461680218562,0.259984447743736,0.311446441993705,itemknn|topk=300;shrink=100.0|frac=1.0,0.168474260410597,0.279487960987503
luxury_beauty,grid_interleaved,25,0.311446441993705,itemknn|topk=300;shrink=100.0|frac=1.0,118,0,274.0591597164939,0.214461680218562,0.259984447743736,0.311446441993705,itemknn|topk=300;shrink=100.0|frac=1.0,0.168474260410597,0.279487960987503
luxury_beauty,grid_interleaved,26,0.311446441993705,itemknn|topk=300;shrink=100.0|frac=1.0,118,0,274.0435347164939,0.214461680218562,0.259984447743736,0.311446441993705,itemknn|topk=300;shrink=100.0|frac=1.0,0.168474260410597,0.279487960987503
luxury_beauty,grid_interleaved,27,0.311446441993705,itemknn|topk=300;shrink=100.0|frac=1.0,118,0,274.0591597164939,0.214461680218562,0.259984447743736,0.311446441993705,itemknn|topk=300;shrink=100.0|frac=1.0,0.168474260410597,0.279487960987503
luxury_beauty,grid_interleaved,28,0.311446441993705,itemknn|topk=300;shrink=100.0|frac=1.0,118,0,274.1216597164939,0.214461680218562,0.259984447743736,0.311446441993705,itemknn|topk=300;shrink=100.0|frac=1.0,0.168474260410597,0.279487960987503
luxury_beauty,grid_interleaved,29,0.311446441993705,itemknn|topk=300;shrink=100.0|frac=1.0,118,0,274.0747847164939,0.214461680218562,0.259984447743736,0.311446441993705,itemknn|topk=300;shrink=100.0|frac=1.0,0.168474260410597,0.279487960987503
luxury_beauty,hyperband,0,0.286381788208959,als|factors=32;epochs=30;regularisation=0.001;alpha=40.0|frac=1.0,43,0,288.15005226730943,0.278157806480561,0.283006448211589,0.286381788208959,als|factors=32;epochs=30;regularisation=0.001;alpha=40.0|frac=1.0,0.158480706912223,0.264553489789698
luxury_beauty,hyperband,1,0.303482930404316,itemknn|topk=300;shrink=10.0|frac=1.0,37,0,286.8621123208899,0.276642760804898,0.303482930404316,0.303482930404316,itemknn|topk=300;shrink=10.0|frac=1.0,0.164910326652715,0.273697043584273
luxury_beauty,hyperband,2,0.30133924667329,itemknn|topk=50;shrink=10.0|frac=1.0,50,0,300.9031994047619,0.259605457568387,0.30133924667329,0.30133924667329,itemknn|topk=50;shrink=10.0|frac=1.0,0.163837078539192,0.271258762572386
luxury_beauty,hyperband,3,0.300060913575155,itemknn|topk=10;shrink=10.0|frac=1.0,52,0,274.9050545566868,0.283534662663688,0.285511036083238,0.300060913575155,itemknn|topk=10;shrink=10.0|frac=1.0,0.161359956760348,0.263943919536726
luxury_beauty,hyperband,4,0.311446441993705,itemknn|topk=300;shrink=100.0|frac=1.0,67,0,276.2567551997936,0.310401827753919,0.310401827753919,0.311446441993705,itemknn|topk=300;shrink=100.0|frac=1.0,0.168474260410597,0.279487960987503
luxury_beauty,hyperband,5,0.284686475772981,als|factors=32;epochs=30;regularisation=0.01;alpha=40.0|frac=1.0,38,0,296.452734375,0.284343912808754,0.284686475772981,0.284686475772981,als|factors=32;epochs=30;regularisation=0.01;alpha=40.0|frac=1.0,0.159021417216744,0.266077415422127
luxury_beauty,hyperband,6,0.303273592177951,itemknn|topk=100;shrink=10.0|frac=1.0,49,0,275.5060132575758,0.280126287449228,0.303273592177951,0.303273592177951,itemknn|topk=100;shrink=10.0|frac=1.0,0.164291894898559,0.272173117951843
luxury_beauty,hyperband,7,0.310401827753919,itemknn|topk=10;shrink=100.0|frac=1.0,41,0,275.80587797619046,0.284843298452339,0.310401827753919,0.310401827753919,itemknn|topk=10;shrink=100.0|frac=1.0,0.169206510916712,0.279487960987503
luxury_beauty,hyperband,8,0.300060913575155,itemknn|topk=10;shrink=10.0|frac=1.0,45,0,275.3500620039682,0.28228747777998,0.283320606679531,0.300060913575155,itemknn|topk=10;shrink=10.0|frac=1.0,0.161359956760348,0.263943919536726
luxury_beauty,hyperband,9,0.283040668160187,als|factors=64;epochs=5;regularisation=0.1;alpha=10.0|frac=1.0,44,0,274.5232007575757,0.282842732959161,0.282842732959161,0.283040668160187,als|factors=64;epochs=5;regularisation=0.1;alpha=10.0|frac=1.0,0.154388918890876,0.257543431880524
luxury_beauty,hyperband,10,0.310401827753919,itemknn|topk=10;shrink=100.0|frac=1.0,47,0,284.12325502826127,0.220108258923132,0.310373879095711,0.310401827753919,itemknn|topk=10;shrink=100.0|frac=1.0,0.169206510916712,0.279487960987503
luxury_beauty,hyperband,11,0.310401827753919,itemknn|topk=10;shrink=100.0|frac=1.0,49,0,281.8738467261905,0.272869509796992,0.303273592177951,0.310401827753919,itemknn|topk=10;shrink=100.0|frac=1.0,0.169206510916712,0.279487960987503
luxury_beauty,hyperband,12,0.286109606773109,als|factors=64;epochs=5;regularisation=0.001;alpha=10.0|frac=1.0,43,0,279.9052483974359,0.282750858989589,0.286109606773109,0.286109606773109,als|factors=64;epochs=5;regularisation=0.001;alpha=10.0|frac=1.0,0.154267882744463,0.257238646754038
luxury_beauty,hyperband,13,0.310401827753919,itemknn|topk=10;shrink=100.0|frac=1.0,43,0,279.0604166666667,0.303273592177951,0.303273592177951,0.310401827753919,itemknn|topk=10;shrink=100.0|frac=1.0,0.169206510916712,0.279487960987503
luxury_beauty,hyperband,14,0.284843298452339,als|factors=32;epochs=30;regularisation=0.1;alpha=40.0|frac=1.0,40,0,274.91341145833337,0.284843298452339,0.284843298452339,0.284843298452339,als|factors=32;epochs=30;regularisation=0.1;alpha=40.0|frac=1.0,0.158733117940579,0.265163060042669
luxury_beauty,hyperband,15,0.303482930404316,itemknn|topk=300;shrink=10.0|frac=1.0,61,0,274.8359401791943,0.286109606773109,0.303482930404316,0.303482930404316,itemknn|topk=300;shrink=10.0|frac=1.0,0.164910326652715,0.273697043584273
luxury_beauty,hyperband,16,0.286109606773109,als|factors=64;epochs=5;regularisation=0.001;alpha=10.0|frac=1.0,51,0,286.6173814466783,0.280107812604007,0.286109606773109,0.286109606773109,als|factors=64;epochs=5;regularisation=0.001;alpha=10.0|frac=1.0,0.154267882744463,0.257238646754038
luxury_beauty,hyperband,17,0.309259884556491,itemknn|topk=50;shrink=100.0|frac=1.0,41,0,278.4399380847881,0.282777835621497,0.309259884556491,0.309259884556491,itemknn|topk=50;shrink=100.0|frac=1.0,0.168172612892844,0.278573605608046
luxury_beauty,hyperband,18,0.285640539320096,als|factors=64;epochs=5;regularisation=0.01;alpha=10.0|frac=1.0,54,0,276.931922306992,0.28228747777998,0.285640539320096,0.285640539320096,als|factors=64;epochs=5;regularisation=0.01;alpha=10.0|frac=1.0,0.154170696099155,0.257238646754038
luxury_beauty,hyperband,19,0.30133924667329,itemknn|topk=50;shrink=10.0|frac=1.0,45,0,275.4662701522616,0.30133924667329,0.30133924667329,0.30133924667329,itemknn|topk=50;shrink=10.0|frac=1.0,0.163837078539192,0.271258762572386
luxury_beauty,hyperband,20,0.284686475772981,als|factors=32;epochs=30;regularisation=0.01;alpha=40.0|frac=1.0,45,0,274.6695536477795,0.284686475772981,0.284686475772981,0.284686475772981,als|factors=32;epochs=30;regularisation=0.01;alpha=40.0|frac=1.0,0.159021417216744,0.266077415422127
luxury_beauty,hyperband,21,0.283040668160187,als|factors=64;epochs=5;regularisation=0.1;alpha=10.0|frac=1.0,44,0,275.1263020833333,0.258326794441718,0.283040668160187,0.283040668160187,als|factors=64;epochs=5;regularisation=0.1;alpha=10.0|frac=1.0,0.154388918890876,0.257543431880524
luxury_beauty,hyperband,22,0.303482930404316,itemknn|topk=300;shrink=10.0|frac=1.0,42,0,278.44921874999994,0.284075220424116,0.284075220424116,0.303482930404316,itemknn|topk=300;shrink=10.0|frac=1.0,0.164910326652715,0.273697043584273
luxury_beauty,hyperband,23,0.286109606773109,als|factors=64;epochs=5;regularisation=0.001;alpha=10.0|frac=1.0,52,0,292.0639880952381,0.283006448211589,0.283006448211589,0.286109606773109,als|factors=64;epochs=5;regularisation=0.001;alpha=10.0|frac=1.0,0.154267882744463,0.257238646754038
luxury_beauty,hyperband,24,0.309259884556491,itemknn|topk=50;shrink=100.0|frac=1.0,40,0,284.8652988641476,0.273662522421119,0.273662522421119,0.309259884556491,itemknn|topk=50;shrink=100.0|frac=1.0,0.168172612892844,0.278573605608046
luxury_beauty,hyperband,25,0.309259884556491,itemknn|topk=50;shrink=100.0|frac=1.0,38,0,291.4110863095238,0.284843298452339,0.309259884556491,0.309259884556491,itemknn|topk=50;shrink=100.0|frac=1.0,0.168172612892844,0.278573605608046
luxury_beauty,hyperband,26,0.284343912808754,multvae|latent=128;hidden=600;epochs=20;dropout=0.5|frac=1.0,39,0,277.79263392857143,0.273721189757803,0.274998288137075,0.284343912808754,multvae|latent=128;hidden=600;epochs=20;dropout=0.5|frac=1.0,0.148491591407412,0.254495580615665
luxury_beauty,hyperband,27,0.310401827753919,itemknn|topk=10;shrink=100.0|frac=1.0,46,0,274.7306547619048,0.285511036083238,0.310401827753919,0.310401827753919,itemknn|topk=10;shrink=100.0|frac=1.0,0.169206510916712,0.279487960987503
luxury_beauty,hyperband,28,0.286853217332889,multvae|latent=32;hidden=600;epochs=20;dropout=0.5|frac=1.0,46,0,280.3377230948346,0.281004359389095,0.281004359389095,0.284343912808754,multvae|latent=32;hidden=600;epochs=20;dropout=0.5|frac=1.0,0.149223838396023,0.248704663212435
luxury_beauty,hyperband,29,0.28380688904438,als|factors=32;epochs=15;regularisation=0.001;alpha=40.0|frac=1.0,48,0,274.58888059056665,0.269580356771377,0.283494577354276,0.28380688904438,als|factors=32;epochs=15;regularisation=0.001;alpha=40.0|frac=1.0,0.156973173698962,0.263029564157269
luxury_beauty,random,0,0.283320606679531,markov|order=2;smoothing=0.5;decay=false|frac=1.0,56,1,279.84309895833337,0.270962651060907,0.283320606679531,0.283320606679531,markov|order=2;smoothing=0.5;decay=false|frac=1.0,0.055218371409814,0.081987199024687
luxury_beauty,random,1,0.311446441993705,itemknn|topk=300;shrink=100.0|frac=1.0,44,3,281.9382612179487,0.311446441993705,0.311446441993705,0.311446441993705,itemknn|topk=300;shrink=100.0|frac=1.0,0.168474260410597,0.279487960987503
luxury_beauty,random,2,0.300060913575155,itemknn|topk=10;shrink=10.0|frac=1.0,46,1,274.422265625,0.300060913575155,0.300060913575155,0.300060913575155,itemknn|topk=10;shrink=10.0|frac=1.0,0.161359956760348,0.263943919536726
luxury_beauty,random,3,0.303273592177951,itemknn|topk=100;shrink=10.0|frac=1.0,49,6,301.94640899965754,0.270336942378221,0.285511036083238,0.303273592177951,itemknn|topk=100;shrink=10.0|frac=1.0,0.164291894898559,0.272173117951843
luxury_beauty,random,4,0.300060913575155,itemknn|topk=10;shrink=10.0|frac=1.0,43,2,292.3907478805917,0.281938937162806,0.283494577354276,0.300060913575155,itemknn|topk=10;shrink=10.0|frac=1.0,0.161359956760348,0.263943919536726
luxury_beauty,random,5,0.30133924667329,itemknn|topk=50;shrink=10.0|frac=1.0,63,4,274.2312736742424,0.286109606773109,0.286109606773109,0.30133924667329,itemknn|topk=50;shrink=10.0|frac=1.0,0.163837078539192,0.271258762572386
luxury_beauty,random,6,0.303482930404316,itemknn|topk=300;shrink=10.0|frac=1.0,46,2,278.60926339285714,0.286381788208959,0.286381788208959,0.303482930404316,itemknn|topk=300;shrink=10.0|frac=1.0,0.164910326652715,0.273697043584273
luxury_beauty,random,7,0.311446441993705,itemknn|topk=300;shrink=100.0|frac=1.0,54,4,282.22760416666665,0.274897394003689,0.279804690382074,0.311446441993705,itemknn|topk=300;shrink=100.0|frac=1.0,0.168474260410597,0.279487960987503
luxury_beauty,random,8,0.28147744036034,als|factors=64;epochs=15;regularisation=0.1;alpha=10.0|frac=1.0,42,3,281.41938232102507,0.276642760804898,0.281022941299021,0.28147744036034,als|factors=64;epochs=15;regularisation=0.1;alpha=10.0|frac=1.0,0.156640708494468,0.261810423651325
luxury_beauty,random,9,0.30133924667329,itemknn|topk=50;shrink=10.0|frac=1.0,48,3,278.13347298356325,0.30133924667329,0.30133924667329,0.30133924667329,itemknn|topk=50;shrink=10.0|frac=1.0,0.163837078539192,0.271258762572386
luxury_beauty,random,10,0.283494577354276,markov|order=1;smoothing=0.1;decay=false|frac=1.0,37,0,276.43861990763475,0.283494577354276,0.283494577354276,0.283494577354276,markov|order=1;smoothing=0.1;decay=false|frac=1.0,0.053168630609904,0.079853703139286
luxury_beauty,random,11,0.303273592177951,itemknn|topk=100;shrink=10.0|frac=1.0,42,3,285.16819816468256,0.285640539320096,0.285640539320096,0.303273592177951,itemknn|topk=100;shrink=10.0|frac=1.0,0.164291894898559,0.272173117951843
luxury_beauty,random,12,0.284843298452339,als|factors=32;epochs=30;regularisation=0.1;alpha=40.0|frac=1.0,58,1,274.1919340475264,0.284843298452339,0.284843298452339,0.284843298452339,als|factors=32;epochs=30;regularisation=0.1;alpha=40.0|frac=1.0,0.158733117940579,0.265163060042669
luxury_beauty,random,13,0.283006448211589,als|factors=32;epochs=15;regularisation=0.01;alpha=40.0|frac=1.0,38,0,280.8459821428571,0.282777835621497,0.282777835621497,0.283006448211589,als|factors=32;epochs=15;regularisation=0.01;alpha=40.0|frac=1.0,0.157736529879317,0.26363913441024
luxury_beauty,random,14,0.303482930404316,itemknn|topk=300;shrink=10.0|frac=1.0,46,3,277.39465792207136,0.303482930404316,0.303482930404316,0.303482930404316,itemknn|topk=300;shrink=10.0|frac=1.0,0.164910326652715,0.273697043584273
luxury_beauty,random,15,0.310373879095711,itemknn|topk=100;shrink=100.0|frac=1.0,59,2,289.77478185876623,0.283040668160187,0.283040668160187,0.310373879095711,itemknn|topk=100;shrink=100.0|frac=1.0,0.168417968468437,0.277964035355074
luxury_beauty,random,16,0.283040668160187,als|factors=64;epochs=5;regularisation=0.1;alpha=10.0|frac=1.0,42,0,273.87109375,0.273721189757803,0.274394559424465,0.283040668160187,als|factors=64;epochs=5;regularisation=0.1;alpha=10.0|frac=1.0,0.154388918890876,0.257543431880524
luxury_beauty,random,17,0.310401827753919,itemknn|topk=10;shrink=100.0|frac=1.0,42,3,273.5166840310113,0.310401827753919,0.310401827753919,0.310401827753919,itemknn|topk=10;shrink=100.0|frac=1.0,0.169206510916712,0.279487960987503
luxury_beauty,random,18,0.289477768360559,itemknn|topk=300;shrink=0.0|frac=1.0,57,4,287.893594878104,0.274542677648894,0.283494577354276,0.289477768360559,itemknn|topk=300;shrink=0.0|frac=1.0,0.157448972719212,0.262419993904297
luxury_beauty,random,19,0.303273592177951,itemknn|topk=100;shrink=10.0|frac=1.0,39,1,283.7149352230664,0.284343912808754,0.303273592177951,0.303273592177951,itemknn|topk=100;shrink=10.0|frac=1.0,0.164291894898559,0.272173117951843
luxury_beauty,random,20,0.309259884556491,itemknn|topk=50;shrink=100.0|frac=1.0,41,3,275.428731511544,0.309259884556491,0.309259884556491,0.309259884556491,itemknn|topk=50;shrink=100.0|frac=1.0,0.168172612892844,0.278573605608046
luxury_beauty,random,21,0.303273592177951,itemknn|topk=100;shrink=10.0|frac=1.0,51,3,281.84479166666665,0.281881246480291,0.303273592177951,0.303273592177951,itemknn|topk=100;shrink=10.0|frac=1.0,0.164291894898559,0.272173117951843
luxury_beauty,random,22,0.286109606773109,als|factors=64;epochs=5;regularisation=0.001;alpha=10.0|frac=1.0,41,1,284.1420510912699,0.282923008758797,0.282923008758797,0.286109606773109,als|factors=64;epochs=5;regularisation=0.001;alpha=10.0|frac=1.0,0.154267882744463,0.257238646754038
luxury_beauty,random,23,0.303273592177951,itemknn|topk=100;shrink=10.0|frac=1.0,53,0,301.7193356259968,0.303273592177951,0.303273592177951,0.303273592177951,itemknn|topk=100;shrink=10.0|frac=1.0,0.164291894898559,0.272173117951843
luxury_beauty,random,24,0.30133924667329,itemknn|topk=50;shrink=10.0|frac=1.0,52,5,283.9018779472443,0.268436086460407,0.30133924667329,0.30133924667329,itemknn|topk=50;shrink=10.0|frac=1.0,0.163837078539192,0.271258762572386
luxury_beauty,random,25,0.30133924667329,itemknn|topk=50;shrink=10.0|frac=1.0,47,2,278.1336805555556,0.284843298452339,0.284843298452339,0.30133924667329,itemknn|topk=50;shrink=10.0|frac=1.0,0.163837078539192,0.271258762572386
luxury_beauty,random,26,0.282777835621497,als|factors=32;epochs=30;regularisation=0.001;alpha=10.0|frac=1.0,45,2,277.48846936373417,0.282293324097448,0.282777835621497,0.282777835621497,als|factors=32;epochs=30;regularisation=0.001;alpha=10.0|frac=1.0,0.156909168436552,0.263943919536726
luxury_beauty,random,27,0.285640539320096,als|factors=64;epochs=5;regularisation=0.01;alpha=10.0|frac=1.0,51,5,276.31505343614714,0.285640539320096,0.285640539320096,0.285640539320096,als|factors=64;epochs=5;regularisation=0.01;alpha=10.0|frac=1.0,0.154170696099155,0.257238646754038
luxury_beauty,random,28,0.283040668160187,als|factors=64;epochs=5;regularisation=0.1;alpha=10.0|frac=1.0,28,0,281.6987751831502,0.274391171792368,0.278954097664602,0.283040668160187,als|factors=64;epochs=5;regularisation=0.1;alpha=10.0|frac=1.0,0.154388918890876,0.257543431880524
luxury_beauty,random,29,0.30133924667329,itemknn|topk=50;shrink=10.0|frac=1.0,47,1,275.04001402243586,0.289477768360559,0.289477768360559,0.30133924667329,itemknn|topk=50;shrink=10.0|frac=1.0,0.163837078539192,0.271258762572386
luxury_beauty,sm2,0,0.309259884556491,itemknn|topk=50;shrink=100.0|frac=1.0,41,0,278.4399380847881,0.282777835621497,0.309259884556491,0.309259884556491,itemknn|topk=50;shrink=100.0|frac=1.0,0.168172612892844,0.278573605608046
luxury_beauty,sm2,1,0.285640539320096,als|factors=64;epochs=5;regularisation=0.01;alpha=10.0|frac=1.0,54,0,276.931922306992,0.28228747777998,0.285640539320096,0.285640539320096,als|factors=64;epochs=5;regularisation=0.01;alpha=10.0|frac=1.0,0.154170696099155,0.257238646754038
luxury_beauty,sm2,2,0.30133924667329,itemknn|topk=50;shrink=10.0|frac=1.0,45,0,275.4506451522616,0.30133924667329,0.30133924667329,0.30133924667329,itemknn|topk=50;shrink=10.0|frac=1.0,0.163837078539192,0.271258762572386
luxury_beauty,sm2,3,0.284686475772981,als|factors=32;epochs=30;regularisation=0.01;alpha=40.0|frac=1.0,45,0,274.6695536477795,0.284686475772981,0.284686475772981,0.284686475772981,als|factors=32;epochs=30;regularisation=0.01;alpha=40.0|frac=1.0,0.159021417216744,0.266077415422127
luxury_beauty,sm2,4,0.283040668160187,als|factors=64;epochs=5;regularisation=0.1;alpha=10.0|frac=1.0,44,0,275.1263020833333,0.258326794441718,0.283040668160187,0.283040668160187,als|factors=64;epochs=5;regularisation=0.1;alpha=10.0|frac=1.0,0.154388918890876,0.257543431880524
luxury_beauty,sm2,5,0.303482930404316,itemknn|topk=300;shrink=10.0|frac=1.0,42,0,278.46484374999994,0.284075220424116,0.284075220424116,0.303482930404316,itemknn|topk=300;shrink=10.0|frac=1.0,0.164910326652715,0.273697043584273
luxury_beauty,sm2,6,0.286109606773109,als|factors=64;epochs=5;regularisation=0.001;alpha=10.0|frac=1.0,52,0,292.0483630952381,0.283006448211589,0.283006448211589,0.286109606773109,als|factors=64;epochs=5;regularisation=0.001;alpha=10.0|frac=1.0,0.154267882744463,0.257238646754038
luxury_beauty,sm2,7,0.309259884556491,itemknn|topk=50;shrink=100.0|frac=1.0,40,0,284.8652988641476,0.273662522421119,0.273662522421119,0.309259884556491,itemknn|topk=50;shrink=100.0|frac=1.0,0.168172612892844,0.278573605608046
luxury_beauty,sm2,8,0.309259884556491,itemknn|topk=50;shrink=100.0|frac=1.0,38,0,291.4110863095238,0.284843298452339,0.309259884556491,0.309259884556491,itemknn|topk=50;shrink=100.0|frac=1.0,0.168172612892844,0.278573605608046
luxury_beauty,sm2,9,0.284343912808754,multvae|latent=128;hidden=600;epochs=20;dropout=0.5|frac=1.0,39,0,277.79263392857143,0.273721189757803,0.274998288137075,0.284343912808754,multvae|latent=128;hidden=600;epochs=20;dropout=0.5|frac=1.0,0.148491591407412,0.254495580615665
luxury_beauty,sm2,10,0.310401827753919,itemknn|topk=10;shrink=100.0|frac=1.0,46,0,274.7306547619048,0.285511036083238,0.310401827753919,0.310401827753919,itemknn|topk=10;shrink=100.0|frac=1.0,0.169206510916712,0.279487960987503
luxury_beauty,sm2,11,0.286853217332889,multvae|latent=32;hidden=600;epochs=20;dropout=0.5|frac=1.0,46,0,280.3377230948346,0.281004359389095,0.281004359389095,0.284343912808754,multvae|latent=32;hidden=600;epochs=20;dropout=0.5|frac=1.0,0.149223838396023,0.248704663212435
luxury_beauty,sm2,12,0.28380688904438,als|factors=32;epochs=15;regularisation=0.001;alpha=40.0|frac=1.0,48,0,274.58888059056665,0.269580356771377,0.283494577354276,0.28380688904438,als|factors=32;epochs=15;regularisation=0.001;alpha=40.0|frac=1.0,0.156973173698962,0.263029564157269
luxury_beauty,sm2,13,0.311446441993705,itemknn|topk=300;shrink=100.0|frac=1.0,41,0,277.510436698718,0.311446441993705,0.311446441993705,0.311446441993705,itemknn|topk=300;shrink=100.0|frac=1.0,0.168474260410597,0.279487960987503
luxury_beauty,sm2,14,0.310373879095711,itemknn|topk=100;shrink=100.0|frac=1.0,38,0,275.7360632423132,0.310373879095711,0.310373879095711,0.310373879095711,itemknn|topk=100;shrink=100.0|frac=1.0,0.168417968468437,0.277964035355074
luxury_beauty,sm2,15,0.284612268873347,als|factors=64;epochs=15;regularisation=0.001;alpha=10.0|frac=1.0,64,0,279.20238192686554,0.283492824551601,0.283492824551601,0.284612268873347,als|factors=64;epochs=15;regularisation=0.001;alpha=10.0|frac=1.0,0.156072161276,0.262724779030783
luxury_beauty,sm2,16,0.303273592177951,itemknn|topk=100;shrink=10.0|frac=1.0,37,0,274.52799873737376,0.282163823349963,0.286853217332889,0.303273592177951,itemknn|topk=100;shrink=10.0|frac=1.0,0.164291894898559,0.272173117951843
luxury_beauty,sm2,17,0.311446441993705,itemknn|topk=300;shrink=100.0|frac=1.0,66,0,299.4672140006812,0.278157806480561,0.281881246480291,0.311446441993705,itemknn|topk=300;shrink=100.0|frac=1.0,0.168474260410597,0.279487960987503
luxury_beauty,sm2,18,0.310401827753919,itemknn|topk=10;shrink=100.0|frac=1.0,41,0,301.48072916666666,0.282842732959161,0.284686475772981,0.310401827753919,itemknn|topk=10;shrink=100.0|frac=1.0,0.169206510916712,0.279487960987503
luxury_beauty,sm2,19,0.289477768360559,itemknn|topk=300;shrink=0.0|frac=1.0,46,0,282.2802896805274,0.289477768360559,0.289477768360559,0.289477768360559,itemknn|topk=300;shrink=0.0|frac=1.0,0.157448972719212,0.262419993904297
luxury_beauty,sm2,20,0.309259884556491,itemknn|topk=50;shrink=100.0|frac=1.0,42,0,295.5492424242424,0.309259884556491,0.309259884556491,0.309259884556491,itemknn|topk=50;shrink=100.0|frac=1.0,0.168172612892844,0.278573605608046
luxury_beauty,sm2,21,0.286853217332889,multvae|latent=32;hidden=600;epochs=20;dropout=0.5|frac=1.0,56,0,294.06802962662334,0.281175452424088,0.281175452424088,0.286853217332889,multvae|latent=32;hidden=600;epochs=20;dropout=0.5|frac=1.0,0.149223838396023,0.248704663212435
luxury_beauty,sm2,22,0.285511036083238,itemknn|topk=100;shrink=0.0|frac=1.0,43,0,284.2118674400727,0.285511036083238,0.285511036083238,0.285511036083238,itemknn|topk=100;shrink=0.0|frac=1.0,0.155748230963851,0.259372142639439
luxury_beauty,sm2,23,0.310401827753919,itemknn|topk=10;shrink=100.0|frac=1.0,50,0,282.31520481135243,0.310401827753919,0.310401827753919,0.310401827753919,itemknn|topk=10;shrink=100.0|frac=1.0,0.169206510916712,0.279487960987503
luxury_beauty,sm2,24,0.285640539320096,als|factors=64;epochs=5;regularisation=0.01;alpha=10.0|frac=1.0,67,0,282.9471308311954,0.285640539320096,0.285640539320096,0.285640539320096,als|factors=64;epochs=5;regularisation=0.01;alpha=10.0|frac=1.0,0.154170696099155,0.257238646754038
luxury_beauty,sm2,25,0.310401827753919,itemknn|topk=10;shrink=100.0|frac=1.0,56,0,275.94498054029305,0.310401827753919,0.310401827753919,0.310401827753919,itemknn|topk=10;shrink=100.0|frac=1.0,0.169206510916712,0.279487960987503
luxury_beauty,sm2,26,0.30133924667329,itemknn|topk=50;shrink=10.0|frac=1.0,56,0,282.73192238512763,0.274998288137075,0.281004359389095,0.30133924667329,itemknn|topk=50;shrink=10.0|frac=1.0,0.163837078539192,0.271258762572386
luxury_beauty,sm2,27,0.310373879095711,itemknn|topk=100;shrink=100.0|frac=1.0,58,0,280.7832625707626,0.281938937162806,0.310373879095711,0.310373879095711,itemknn|topk=100;shrink=100.0|frac=1.0,0.168417968468437,0.277964035355074
luxury_beauty,sm2,28,0.286381788208959,als|factors=32;epochs=30;regularisation=0.001;alpha=40.0|frac=1.0,53,0,274.9468005952381,0.286381788208959,0.286381788208959,0.286381788208959,als|factors=32;epochs=30;regularisation=0.001;alpha=40.0|frac=1.0,0.158480706912223,0.264553489789698
luxury_beauty,sm2,29,0.285511036083238,itemknn|topk=100;shrink=0.0|frac=1.0,42,0,275.6581292976029,0.284686475772981,0.285511036083238,0.285511036083238,itemknn|topk=100;shrink=0.0|frac=1.0,0.155748230963851,0.259372142639439
luxury_beauty,successive_halving,0,0.284843298452339,als|factors=32;epochs=30;regularisation=0.1;alpha=40.0|frac=1.0,43,0,283.84895833333337,0.281175452424088,0.284843298452339,0.284843298452339,als|factors=32;epochs=30;regularisation=0.1;alpha=40.0|frac=1.0,0.158733117940579,0.265163060042669
luxury_beauty,successive_halving,1,0.309259884556491,itemknn|topk=50;shrink=100.0|frac=1.0,49,0,273.88731275124945,0.273662522421119,0.283149257560892,0.309259884556491,itemknn|topk=50;shrink=100.0|frac=1.0,0.168172612892844,0.278573605608046
luxury_beauty,successive_halving,2,0.303273592177951,itemknn|topk=100;shrink=10.0|frac=1.0,53,0,282.58283912013235,0.303273592177951,0.303273592177951,0.303273592177951,itemknn|topk=100;shrink=10.0|frac=1.0,0.164291894898559,0.272173117951843
luxury_beauty,successive_halving,3,0.285640539320096,als|factors=64;epochs=5;regularisation=0.01;alpha=10.0|frac=1.0,46,0,276.64615462662334,0.282638897077834,0.282638897077834,0.285640539320096,als|factors=64;epochs=5;regularisation=0.01;alpha=10.0|frac=1.0,0.154170696099155,0.257238646754038
luxury_beauty,successive_halving,4,0.277270293780007,als|factors=64;epochs=15;regularisation=0.1;alpha=40.0|frac=1.0,32,0,274.7542067307692,0.275325781486712,0.275325781486712,0.277270293780007,als|factors=64;epochs=15;regularisation=0.1;alpha=40.0|frac=1.0,0.157847886627075,0.260286498018896
luxury_beauty,successive_halving,5,0.285640539320096,als|factors=64;epochs=5;regularisation=0.01;alpha=10.0|frac=1.0,46,0,275.32216009880284,0.282454975435623,0.285640539320096,0.285640539320096,als|factors=64;epochs=5;regularisation=0.01;alpha=10.0|frac=1.0,0.154170696099155,0.257238646754038
luxury_beauty,successive_halving,6,0.300060913575155,itemknn|topk=10;shrink=10.0|frac=1.0,55,0,283.4705958946078,0.300060913575155,0.300060913575155,0.300060913575155,itemknn|topk=10;shrink=10.0|frac=1.0,0.161359956760348,0.263943919536726
luxury_beauty,successive_halving,7,0.300060913575155,itemknn|topk=10;shrink=10.0|frac=1.0,38,0,276.90338541666665,0.300060913575155,0.300060913575155,0.300060913575155,itemknn|topk=10;shrink=10.0|frac=1.0,0.161359956760348,0.263943919536726
luxury_beauty,successive_halving,8,0.300060913575155,itemknn|topk=10;shrink=10.0|frac=1.0,46,0,274.44858630952376,0.286853217332889,0.286853217332889,0.300060913575155,itemknn|topk=10;shrink=10.0|frac=1.0,0.161359956760348,0.263943919536726
luxury_beauty,successive_halving,9,0.286853217332889,multvae|latent=32;hidden=600;epochs=20;dropout=0.5|frac=1.0,43,0,277.7447916666667,0.286381788208959,0.286853217332889,0.286853217332889,multvae|latent=32;hidden=600;epochs=20;dropout=0.5|frac=1.0,0.149223838396023,0.248704663212435
luxury_beauty,successive_halving,10,0.310373879095711,itemknn|topk=100;shrink=100.0|frac=1.0,55,0,277.12890625,0.303273592177951,0.303273592177951,0.310373879095711,itemknn|topk=100;shrink=100.0|frac=1.0,0.168417968468437,0.277964035355074
luxury_beauty,successive_halving,11,0.277361131256303,als|factors=32;epochs=5;regularisation=0.01;alpha=40.0|frac=1.0,42,0,273.31265318627453,0.274530918290369,0.274530918290369,0.277361131256303,als|factors=32;epochs=5;regularisation=0.01;alpha=40.0|frac=1.0,0.151359259953953,0.253276440109722
luxury_beauty,successive_halving,12,0.311446441993705,itemknn|topk=300;shrink=100.0|frac=1.0,36,0,279.3927331349206,0.311446441993705,0.311446441993705,0.311446441993705,itemknn|topk=300;shrink=100.0|frac=1.0,0.168474260410597,0.279487960987503
luxury_beauty,successive_halving,13,0.310401827753919,itemknn|topk=10;shrink=100.0|frac=1.0,48,0,273.9042286706349,0.285511036083238,0.310401827753919,0.310401827753919,itemknn|topk=10;shrink=100.0|frac=1.0,0.169206510916712,0.279487960987503
luxury_beauty,successive_halving,14,0.310401827753919,itemknn|topk=10;shrink=100.0|frac=1.0,45,0,285.52974233299085,0.310401827753919,0.310401827753919,0.310401827753919,itemknn|topk=10;shrink=100.0|frac=1.0,0.169206510916712,0.279487960987503
luxury_beauty,successive_halving,15,0.30133924667329,itemknn|topk=50;shrink=10.0|frac=1.0,52,0,295.3546124206977,0.283534662663688,0.284686475772981,0.30133924667329,itemknn|topk=50;shrink=10.0|frac=1.0,0.163837078539192,0.271258762572386
luxury_beauty,successive_halving,16,0.284075220424116,multvae|latent=64;hidden=600;epochs=20;dropout=0.5|frac=1.0,45,0,281.68776041666666,0.284075220424116,0.284075220424116,0.284075220424116,multvae|latent=64;hidden=600;epochs=20;dropout=0.5|frac=1.0,0.148819146526618,0.251447729350807
luxury_beauty,successive_halving,17,0.286381788208959,als|factors=32;epochs=30;regularisation=0.001;alpha=40.0|frac=1.0,43,0,288.15005226730943,0.278157806480561,0.283006448211589,0.286381788208959,als|factors=32;epochs=30;regularisation=0.001;alpha=40.0|frac=1.0,0.158480706912223,0.264553489789698
luxury_beauty,successive_halving,18,0.303482930404316,itemknn|topk=300;shrink=10.0|frac=1.0,37,0,286.8621123208899,0.276642760804898,0.303482930404316,0.303482930404316,itemknn|topk=300;shrink=10.0|frac=1.0,0.164910326652715,0.273697043584273
luxury_beauty,successive_halving,19,0.30133924667329,itemknn|topk=50;shrink=10.0|frac=1.0,50,0,300.9031994047619,0.259605457568387,0.30133924667329,0.30133924667329,itemknn|topk=50;shrink=10.0|frac=1.0,0.163837078539192,0.271258762572386
luxury_beauty,successive_halving,20,0.300060913575155,itemknn|topk=10;shrink=10.0|frac=1.0,52,0,274.9206795566868,0.283534662663688,0.285511036083238,0.300060913575155,itemknn|topk=10;shrink=10.0|frac=1.0,0.161359956760348,0.263943919536726
luxury_beauty,successive_halving,21,0.311446441993705,itemknn|topk=300;shrink=100.0|frac=1.0,67,0,276.2567551997936,0.310401827753919,0.310401827753919,0.311446441993705,itemknn|topk=300;shrink=100.0|frac=1.0,0.168474260410597,0.279487960987503
luxury_beauty,successive_halving,22,0.284686475772981,als|factors=32;epochs=30;regularisation=0.01;alpha=40.0|frac=1.0,38,0,296.452734375,0.284343912808754,0.284686475772981,0.284686475772981,als|factors=32;epochs=30;regularisation=0.01;alpha=40.0|frac=1.0,0.159021417216744,0.266077415422127
luxury_beauty,successive_halving,23,0.303273592177951,itemknn|topk=100;shrink=10.0|frac=1.0,49,0,275.5060132575758,0.280126287449228,0.303273592177951,0.303273592177951,itemknn|topk=100;shrink=10.0|frac=1.0,0.164291894898559,0.272173117951843
luxury_beauty,successive_halving,24,0.310401827753919,itemknn|topk=10;shrink=100.0|frac=1.0,41,0,275.80587797619046,0.284843298452339,0.310401827753919,0.310401827753919,itemknn|topk=10;shrink=100.0|frac=1.0,0.169206510916712,0.279487960987503
luxury_beauty,successive_halving,25,0.300060913575155,itemknn|topk=10;shrink=10.0|frac=1.0,45,0,275.3344370039682,0.28228747777998,0.283320606679531,0.300060913575155,itemknn|topk=10;shrink=10.0|frac=1.0,0.161359956760348,0.263943919536726
luxury_beauty,successive_halving,26,0.283040668160187,als|factors=64;epochs=5;regularisation=0.1;alpha=10.0|frac=1.0,44,0,274.5232007575757,0.282842732959161,0.282842732959161,0.283040668160187,als|factors=64;epochs=5;regularisation=0.1;alpha=10.0|frac=1.0,0.154388918890876,0.257543431880524
luxury_beauty,successive_halving,27,0.310401827753919,itemknn|topk=10;shrink=100.0|frac=1.0,47,0,284.12325502826127,0.220108258923132,0.310373879095711,0.310401827753919,itemknn|topk=10;shrink=100.0|frac=1.0,0.169206510916712,0.279487960987503
luxury_beauty,successive_halving,28,0.310401827753919,itemknn|topk=10;shrink=100.0|frac=1.0,49,0,281.8894717261905,0.272869509796992,0.303273592177951,0.310401827753919,itemknn|topk=10;shrink=100.0|frac=1.0,0.169206510916712,0.279487960987503
luxury_beauty,successive_halving,29,0.286109606773109,als|factors=64;epochs=5;regularisation=0.001;alpha=10.0|frac=1.0,43,0,279.8739983974359,0.282750858989589,0.286109606773109,0.286109606773109,als|factors=64;epochs=5;regularisation=0.001;alpha=10.0|frac=1.0,0.154267882744463,0.257238646754038
luxury_beauty,tpe,0,0.311446441993705,itemknn|topk=300;shrink=100.0|frac=1.0,79,528,274.3950883388625,0.311446441993705,0.311446441993705,0.311446441993705,itemknn|topk=300;shrink=100.0|frac=1.0,0.168474260410597,0.279487960987503
luxury_beauty,tpe,1,0.311446441993705,itemknn|topk=300;shrink=100.0|frac=1.0,76,422,274.451198700958,0.303482930404316,0.311446441993705,0.311446441993705,itemknn|topk=300;shrink=100.0|frac=1.0,0.168474260410597,0.279487960987503
luxury_beauty,tpe,2,0.311446441993705,itemknn|topk=300;shrink=100.0|frac=1.0,75,330,273.582015040633,0.310401827753919,0.311446441993705,0.311446441993705,itemknn|topk=300;shrink=100.0|frac=1.0,0.168474260410597,0.279487960987503
luxury_beauty,tpe,3,0.311446441993705,itemknn|topk=300;shrink=100.0|frac=1.0,73,350,279.1818921600414,0.310401827753919,0.311446441993705,0.311446441993705,itemknn|topk=300;shrink=100.0|frac=1.0,0.168474260410597,0.279487960987503
luxury_beauty,tpe,4,0.311446441993705,itemknn|topk=300;shrink=100.0|frac=1.0,72,450,273.75976112012535,0.311446441993705,0.311446441993705,0.311446441993705,itemknn|topk=300;shrink=100.0|frac=1.0,0.168474260410597,0.279487960987503
luxury_beauty,tpe,5,0.311446441993705,itemknn|topk=300;shrink=100.0|frac=1.0,76,548,273.7195536354405,0.310401827753919,0.311446441993705,0.311446441993705,itemknn|topk=300;shrink=100.0|frac=1.0,0.168474260410597,0.279487960987503
luxury_beauty,tpe,6,0.311446441993705,itemknn|topk=300;shrink=100.0|frac=1.0,70,356,279.8459244278995,0.310401827753919,0.311446441993705,0.311446441993705,itemknn|topk=300;shrink=100.0|frac=1.0,0.168474260410597,0.279487960987503
luxury_beauty,tpe,7,0.311446441993705,itemknn|topk=300;shrink=100.0|frac=1.0,72,532,278.92267724301394,0.286853217332889,0.286853217332889,0.311446441993705,itemknn|topk=300;shrink=100.0|frac=1.0,0.168474260410597,0.279487960987503
luxury_beauty,tpe,8,0.311446441993705,itemknn|topk=300;shrink=100.0|frac=1.0,81,474,293.1919724121228,0.311446441993705,0.311446441993705,0.311446441993705,itemknn|topk=300;shrink=100.0|frac=1.0,0.168474260410597,0.279487960987503
luxury_beauty,tpe,9,0.311446441993705,itemknn|topk=300;shrink=100.0|frac=1.0,80,519,274.4958859787227,0.311446441993705,0.311446441993705,0.311446441993705,itemknn|topk=300;shrink=100.0|frac=1.0,0.168474260410597,0.279487960987503
luxury_beauty,tpe,10,0.311446441993705,itemknn|topk=300;shrink=100.0|frac=1.0,73,472,286.9778388348942,0.311446441993705,0.311446441993705,0.311446441993705,itemknn|topk=300;shrink=100.0|frac=1.0,0.168474260410597,0.279487960987503
luxury_beauty,tpe,11,0.311446441993705,itemknn|topk=300;shrink=100.0|frac=1.0,80,551,287.0833225513693,0.303482930404316,0.310401827753919,0.311446441993705,itemknn|topk=300;shrink=100.0|frac=1.0,0.168474260410597,0.279487960987503
luxury_beauty,tpe,12,0.311446441993705,itemknn|topk=300;shrink=100.0|frac=1.0,76,460,278.4982729449612,0.311446441993705,0.311446441993705,0.311446441993705,itemknn|topk=300;shrink=100.0|frac=1.0,0.168474260410597,0.279487960987503
luxury_beauty,tpe,13,0.311446441993705,itemknn|topk=300;shrink=100.0|frac=1.0,81,474,273.9631450217629,0.311446441993705,0.311446441993705,0.311446441993705,itemknn|topk=300;shrink=100.0|frac=1.0,0.168474260410597,0.279487960987503
luxury_beauty,tpe,14,0.311446441993705,itemknn|topk=300;shrink=100.0|frac=1.0,72,347,274.34513383403424,0.282163823349963,0.311446441993705,0.311446441993705,itemknn|topk=300;shrink=100.0|frac=1.0,0.168474260410597,0.279487960987503
luxury_beauty,tpe,15,0.311446441993705,itemknn|topk=300;shrink=100.0|frac=1.0,76,421,277.6286420247599,0.311446441993705,0.311446441993705,0.311446441993705,itemknn|topk=300;shrink=100.0|frac=1.0,0.168474260410597,0.279487960987503
luxury_beauty,tpe,16,0.311446441993705,itemknn|topk=300;shrink=100.0|frac=1.0,70,454,285.29912643167603,0.311446441993705,0.311446441993705,0.311446441993705,itemknn|topk=300;shrink=100.0|frac=1.0,0.168474260410597,0.279487960987503
luxury_beauty,tpe,17,0.311446441993705,itemknn|topk=300;shrink=100.0|frac=1.0,71,472,273.2946390485695,0.310401827753919,0.311446441993705,0.311446441993705,itemknn|topk=300;shrink=100.0|frac=1.0,0.168474260410597,0.279487960987503
luxury_beauty,tpe,18,0.311446441993705,itemknn|topk=300;shrink=100.0|frac=1.0,72,388,282.041812794962,0.311446441993705,0.311446441993705,0.311446441993705,itemknn|topk=300;shrink=100.0|frac=1.0,0.168474260410597,0.279487960987503
luxury_beauty,tpe,19,0.311446441993705,itemknn|topk=300;shrink=100.0|frac=1.0,82,450,285.55244942140735,0.311446441993705,0.311446441993705,0.311446441993705,itemknn|topk=300;shrink=100.0|frac=1.0,0.168474260410597,0.279487960987503
luxury_beauty,tpe,20,0.311446441993705,itemknn|topk=300;shrink=100.0|frac=1.0,73,390,274.6663877562762,0.311446441993705,0.311446441993705,0.311446441993705,itemknn|topk=300;shrink=100.0|frac=1.0,0.168474260410597,0.279487960987503
luxury_beauty,tpe,21,0.311446441993705,itemknn|topk=300;shrink=100.0|frac=1.0,74,481,273.29656403330694,0.311446441993705,0.311446441993705,0.311446441993705,itemknn|topk=300;shrink=100.0|frac=1.0,0.168474260410597,0.279487960987503
luxury_beauty,tpe,22,0.311446441993705,itemknn|topk=300;shrink=100.0|frac=1.0,76,754,273.8469033207556,0.311446441993705,0.311446441993705,0.311446441993705,itemknn|topk=300;shrink=100.0|frac=1.0,0.168474260410597,0.279487960987503
luxury_beauty,tpe,23,0.311446441993705,itemknn|topk=300;shrink=100.0|frac=1.0,77,415,284.4191308973544,0.311446441993705,0.311446441993705,0.311446441993705,itemknn|topk=300;shrink=100.0|frac=1.0,0.168474260410597,0.279487960987503
luxury_beauty,tpe,24,0.311446441993705,itemknn|topk=300;shrink=100.0|frac=1.0,73,359,273.54654028603807,0.310401827753919,0.311446441993705,0.311446441993705,itemknn|topk=300;shrink=100.0|frac=1.0,0.168474260410597,0.279487960987503
luxury_beauty,tpe,25,0.311446441993705,itemknn|topk=300;shrink=100.0|frac=1.0,76,491,275.99758586874486,0.311446441993705,0.311446441993705,0.311446441993705,itemknn|topk=300;shrink=100.0|frac=1.0,0.168474260410597,0.279487960987503
luxury_beauty,tpe,26,0.311446441993705,itemknn|topk=300;shrink=100.0|frac=1.0,80,477,284.7967179158827,0.310401827753919,0.311446441993705,0.311446441993705,itemknn|topk=300;shrink=100.0|frac=1.0,0.168474260410597,0.279487960987503
luxury_beauty,tpe,27,0.311446441993705,itemknn|topk=300;shrink=100.0|frac=1.0,74,453,280.25988400071697,0.284343912808754,0.311446441993705,0.311446441993705,itemknn|topk=300;shrink=100.0|frac=1.0,0.168474260410597,0.279487960987503
luxury_beauty,tpe,28,0.311446441993705,itemknn|topk=300;shrink=100.0|frac=1.0,78,442,285.58922494512905,0.311446441993705,0.311446441993705,0.311446441993705,itemknn|topk=300;shrink=100.0|frac=1.0,0.168474260410597,0.279487960987503
luxury_beauty,tpe,29,0.311446441993705,itemknn|topk=300;shrink=100.0|frac=1.0,72,504,277.79626057187977,0.310401827753919,0.311446441993705,0.311446441993705,itemknn|topk=300;shrink=100.0|frac=1.0,0.168474260410597,0.279487960987503
